Kriterium;Region;Anbieter;Score (1-5);Begründung;Quellen
19 Sicherheitsarchitektur & Zugriffskontrolle;DE;IONOS;3;DSGVO-konform und ISO-zertifiziert. Solides Basis-IAM, aber es fehlen tief integrierte, KI-gestützte Zero-Trust-Sicherheitssuiten im Vergleich zu Hyperscalern.;https://european.cloud/provider/ionos/
19 Sicherheitsarchitektur & Zugriffskontrolle;DE;Open Telekom Cloud (OTC);4;Erfüllt strengste Enterprise- und Regierungsstandards inkl. BSI C5 und TISAX (Automotive). Sehr hohes Sicherheitsniveau für sensible Branchen.;https://european.cloud/provider/open-telekom-cloud/
19 Sicherheitsarchitektur & Zugriffskontrolle;DE;STACKIT;4;BSI C5 Type 2 zertifiziert (höchster deutscher Standard), ISO 27001, Confidential Computing. Komplette Isolierung vom US CLOUD Act.;https://www.stxnext.com/blog/sovereign-cloud-with-stackit
19 Sicherheitsarchitektur & Zugriffskontrolle;USA;AWS;5;Bietet über 143 Compliance-Zertifikate, GuardDuty, Macie und tiefgreifende IAM-Rollen. Branchenstandard für Cloud-Security.;https://kaopiz.com/en/articles/aws-vs-azure-vs-google-cloud/
19 Sicherheitsarchitektur & Zugriffskontrolle;USA;Azure;5;Tief integriert in Entra ID (ehemals Active Directory), Microsoft Defender for Cloud, über 100 Zertifizierungen (inkl. SOC 2, ISO).;https://svitla.com/blog/cloud-platforms-comparison/
19 Sicherheitsarchitektur & Zugriffskontrolle;USA;Google Cloud;5;Standardmäßige E2E-Verschlüsselung, Cloud Armor, Security Command Center. Starker Zero-Trust-Architektur-Ansatz (BeyondCorp).;https://kaopiz.com/en/articles/aws-vs-azure-vs-google-cloud/
20 Resilienz & Disaster Recovery;DE;IONOS;3;Bietet doppelte Redundanz (4 Kopien) bei Block-Storage und dezentrale europäische Rechenzentren, aber eingeschränktere DR-Automatisierung als AWS.;https://cloud.ionos.com/storage/block-storage
20 Resilienz & Disaster Recovery;DE;Open Telekom Cloud (OTC);4;Nutzt Twin-Core-Regionen (z.B. Magdeburg/Biere), die physisch getrennt sind und synchrone Multi-Copy-Spiegelung für höchste Ausfallsicherheit bieten.;https://european.cloud/provider/open-telekom-cloud/
20 Resilienz & Disaster Recovery;DE;STACKIT;3;Georedundante RZ in Deutschland (Neckarsulm) und Österreich (Ostermiething). Hohe lokale Verfügbarkeit (99,98 Prozent), aber keine globale Skalierung.;https://www.stxnext.com/blog/sovereign-cloud-with-stackit
20 Resilienz & Disaster Recovery;USA;AWS;5;Größte globale Reichweite mit über 33 Regionen und 105 Availability Zones (AZs). Extreme Ausfallsicherheit für S3-Speicher (11 nines).;https://www.digitalocean.com/resources/articles/comparing-aws-azure-gcp
20 Resilienz & Disaster Recovery;USA;Azure;5;Über 60 globale Regionen. Architektonischer Vorteil durch geografisch getrennte Region Pairs für höchste Disaster-Recovery-Sicherheit.;https://www.digitalocean.com/resources/articles/comparing-aws-azure-gcp
20 Resilienz & Disaster Recovery;USA;Google Cloud;5;Eigenes globales Subsea-Glasfasernetzwerk sorgt für unübertroffene Latenz und Live-Migrations-Fähigkeiten bei Hardwareausfällen.;https://www.digitalocean.com/resources/articles/comparing-aws-azure-gcp
21 Edge-Computing & lokale Verarbeitung;DE;IONOS;1;Reiner IaaS/PaaS-Fokus für Standard-Rechenzentren. Kein dezidiertes Edge-Hardware-Ökosystem.;https://european.cloud/provider/ionos/
21 Edge-Computing & lokale Verarbeitung;DE;Open Telekom Cloud (OTC);2;Das Partnerökosystem (Cumulocity Edge) bietet Ansätze, jedoch kein natives OTC-Edge-Hardware-Produkt.;https://european.cloud/provider/open-telekom-cloud/
21 Edge-Computing & lokale Verarbeitung;DE;STACKIT;2;Hauptfokus auf Cloud-RZ. Bietet jedoch Kubernetes-Möglichkeiten an der Edge für latenzkritische MES-Systeme in süddeutschen Industrieregionen.;https://www.stxnext.com/blog/sovereign-cloud-with-stackit
21 Edge-Computing & lokale Verarbeitung;USA;AWS;5;Massives Edge-Portfolio (AWS Outposts, Local Zones, Wavelength, Greengrass) ermöglicht Millisekunden-Latenzen direkt in Fabriken.;https://www.digitalocean.com/resources/articles/comparing-aws-azure-gcp
21 Edge-Computing & lokale Verarbeitung;USA;Azure;5;Führend im Hybrid- und Edge-Computing durch Azure Arc und Azure Stack für lokale Datenverarbeitung.;https://svitla.com/blog/cloud-platforms-comparison/
21 Edge-Computing & lokale Verarbeitung;USA;Google Cloud;4;Bietet Google Distributed Cloud Edge und Anthos, fokussiert sich aber stärker auf Container als auf industrielle OT-Hardware.;https://kaopiz.com/en/articles/aws-vs-azure-vs-google-cloud/
22 Multi-Cloud, Hybrid & Portabilität;DE;IONOS;5;Die Integration von Managed Stackable orchestriert reine Open-Source-Datenplattformen ohne Lock-in. Sehr transparente, faire Egress-Kosten.;https://docs.stackable.tech/home/stable/kubernetes/ionos-managed-stackable/
22 Multi-Cloud, Hybrid & Portabilität;DE;Open Telekom Cloud (OTC);4;Nutzt offene OpenStack-Standards (Huawei FusionSphere), was die Interoperabilität hochhält und US-Silos verhindert.;https://european.cloud/provider/open-telekom-cloud/
22 Multi-Cloud, Hybrid & Portabilität;DE;STACKIT;5;Basiert zu 100 Prozent auf Open-Source (OpenStack, Gardener). Maximale Portabilität und keine Vendor-Lock-ins oder Strafgebühren bei Egress.;https://www.stxnext.com/blog/sovereign-cloud-with-stackit
22 Multi-Cloud, Hybrid & Portabilität;USA;AWS;2;Hohes Lock-in-Risiko durch proprietäre Schnittstellen und hohe Datentransferkosten (Egress Fees), die Multi-Cloud-Szenarien unwirtschaftlich machen.;https://www.softwareseni.com/comparing-european-cloud-providers-and-open-source-alternatives-to-us-platforms/
22 Multi-Cloud, Hybrid & Portabilität;USA;Azure;3;Stark im Hybrid-Betrieb (Azure Arc), bindet Kunden aber sehr eng an das proprietäre Microsoft-Ökosystem.;https://amasty.com/blog/choosing-the-right-cloud-platform/
22 Multi-Cloud, Hybrid & Portabilität;USA;Google Cloud;4;Entwickelte Kubernetes. Durch Anthos und einen starken Open-Source-Fokus ist die Portabilität signifikant höher als bei AWS und Azure.;https://thedataforge.medium.com/data-engineering-in-the-cloud-aws-vs-azure-vs-gcp-ba383449bd1d
23 Infrastructure as Code & DataOps;DE;IONOS;3;Terraform-Provider ist vorhanden (und gut bewertet), aber begrenzte CLI-Funktionalitäten im direkten Vergleich zu US-Anbietern.;https://www.wolk.work/blog/posts/european-cloud-providers-compared-a-hands-on-terraform-test-january-2026-
23 Infrastructure as Code & DataOps;DE;Open Telekom Cloud (OTC);4;Unterstützt Terraform umfassend via offiziellem Provider und bietet den eigenen Resource Formation Service für IaC an.;https://registry.terraform.io/providers/opentelekomcloud/opentelekomcloud/latest/docs
23 Infrastructure as Code & DataOps;DE;STACKIT;4;Unabhängige Evaluationen bestätigen starken Terraform-IaC-Support für schnelle, zuverlässige Infrastruktur- und Cluster-Provisionierungen.;https://www.wolk.work/blog/posts/european-cloud-providers-compared-a-hands-on-terraform-test-january-2026-
23 Infrastructure as Code & DataOps;USA;AWS;5;CloudFormation und exzellenter Terraform-Support. Führende CI/CD-Toolchain (CodePipeline) für komplexe DataOps.;https://kaopiz.com/en/articles/aws-vs-azure-vs-google-cloud/
23 Infrastructure as Code & DataOps;USA;Azure;5;Native Integration von GitHub Actions, Bicep und ARM-Templates machen es zur besten Plattform für Entwickler im Microsoft-Stack.;https://kaopiz.com/en/articles/aws-vs-azure-vs-google-cloud/
23 Infrastructure as Code & DataOps;USA;Google Cloud;5;Deployment Manager und erstklassiger Terraform-Support im gesamten Datenökosystem.;https://kaopiz.com/en/articles/aws-vs-azure-vs-google-cloud/
24 Monitoring, Observability & AIOps;DE;IONOS;2;Einfaches Monitoring as a Service, es fehlen jedoch native, hochintegrierte AIOps-Engines für prädiktive Fehlerbehebung in der Cloud-Konsole.;https://docs.ionos.com/cloud/
24 Monitoring, Observability & AIOps;DE;Open Telekom Cloud (OTC);3;Cloud Eye und Application Performance Management sind funktional stark, aber weniger KI-automatisiert als bei US-Konkurrenten.;https://european.cloud/provider/open-telekom-cloud/
24 Monitoring, Observability & AIOps;DE;STACKIT;3;STACKIT Observability und LogMe bieten solides, zuverlässiges Monitoring auf Basis von Open-Source, haben aber nicht die präskriptive KI-Tiefe der Hyperscaler.;https://docs.stackit.cloud/
24 Monitoring, Observability & AIOps;USA;AWS;5;CloudWatch und KI-gestützte Metriken (DevOps Guru) bieten extrem tiefes, prädiktives Infrastruktur-Monitoring.;https://orthoplexsolutions.com/web-development/aws-vs-azure-vs-google-cloud-the-ultimate-cloud-platform-comparison-for-2026/
24 Monitoring, Observability & AIOps;USA;Azure;5;Azure Monitor und Application Insights liefern hochgradig AI-gestützte Fehlererkennung und Observability für Enterprise-Systeme.;https://svitla.com/blog/cloud-platforms-comparison/
24 Monitoring, Observability & AIOps;USA;Google Cloud;5;Cloud Logging und Active Assist (mit starken KI-gestützten Empfehlungen) gelten als extrem entwicklerfreundlich und fortschrittlich.;https://orthoplexsolutions.com/web-development/aws-vs-azure-vs-google-cloud-the-ultimate-cloud-platform-comparison-for-2026/
25 API-First & Entwicklerfreundlichkeit;DE;IONOS;4;Der grafische Data Center Designer (DCD) ist extrem innovativ für das visuelle Modellieren von Infrastruktur via API und wird von Entwicklern sehr geschätzt.;https://www.wolk.work/blog/posts/european-cloud-providers-compared-a-hands-on-terraform-test-january-2026-
25 API-First & Entwicklerfreundlichkeit;DE;Open Telekom Cloud (OTC);3;Robuste OpenStack-APIs, das Dashboard und IAM können für Cloud-Anfänger jedoch administrativ komplex und weniger agil wirken.;https://xomnia.com/post/navigating-the-european-cloud-landscape-open-telekom-cloud-stackit-and-ovhcloud-in-focus/
25 API-First & Entwicklerfreundlichkeit;DE;STACKIT;2;In einem unabhängigen Hands-on-Test (2026) litt die Developer Experience massiv unter blockierten und fehlschlagenden Account-Onboardings.;https://www.wolk.work/blog/posts/european-cloud-providers-compared-a-hands-on-terraform-test-january-2026-
25 API-First & Entwicklerfreundlichkeit;USA;AWS;3;Massive Funktionsvielfalt sorgt für eine teils unübersichtliche Konsole und eine sehr steile Lernkurve (hohe Komplexität).;https://amasty.com/blog/choosing-the-right-cloud-platform/
25 API-First & Entwicklerfreundlichkeit;USA;Azure;3;Das Portal wird von Entwicklern oft als Labyrinth empfunden (Maze of Blades). Administration und IAM sind hochkomplex.;https://www.wolk.work/blog/posts/european-cloud-providers-compared-a-hands-on-terraform-test-january-2026-
25 API-First & Entwicklerfreundlichkeit;USA;Google Cloud;5;Gilt branchenweit als die Cloud mit den saubersten Abstraktionen, der transparentesten API und der intuitivsten Entwicklererfahrung.;https://thedataforge.medium.com/data-engineering-in-the-cloud-aws-vs-azure-vs-gcp-ba383449bd1d
26 Cross-Organization Data Sharing;DE;IONOS;4;Als Gaia-X-Gründungsmitglied bietet IONOS (via Stackable Data Platform) starke Open-Source-Konzepte für unabhängige Datenspaces.;https://cloud.ionos.com/solutions/big-data
26 Cross-Organization Data Sharing;DE;Open Telekom Cloud (OTC);5;Führend im europäischen Raum. Der Data Intelligence Hub (Catena-X) ist der weltweit erste IDSA-zertifizierte Connector für souveränes Data Sharing.;https://www.softwareseni.com/comparing-european-cloud-providers-and-open-source-alternatives-to-us-platforms/
26 Cross-Organization Data Sharing;DE;STACKIT;4;Partnerschaft mit Dremio etabliert Föderation. Daten können organisationsübergreifend in offenen Formaten (Apache Iceberg) direkt abgefragt werden.;https://stackit.com/en/products/data-ai
26 Cross-Organization Data Sharing;USA;AWS;4;AWS Clean Rooms und der Data Exchange ermöglichen starken Datenaustausch, verbleiben aber überwiegend im proprietären AWS-Silo.;https://www.infoworld.com/article/4137452/buyers-guide-comparing-the-leading-cloud-data-platforms.html
26 Cross-Organization Data Sharing;USA;Azure;4;Microsoft Purview und Azure Data Share sichern starke Governance beim B2B-Daten-Sharing, erfordern aber den Microsoft-Stack.;https://www.infoworld.com/article/4137452/buyers-guide-comparing-the-leading-cloud-data-platforms.html
26 Cross-Organization Data Sharing;USA;Google Cloud;5;BigQuery Analytics Hub ist branchenführend für das nahtlose, übergreifende Teilen von Analysedaten ohne physische Datenkopien.;https://www.infoworld.com/article/4137452/buyers-guide-comparing-the-leading-cloud-data-platforms.html
