Kriterium,Region,Anbieter,Score,Begründung,Quellen
Echtzeit-Datenaufnahme (Real-Time Ingestion),USA,AWS,5,"AWS bietet mit Amazon Kinesis (Data Streams, Firehose), Amazon MSK (Managed Kafka), AWS IoT Core und Amazon EventBridge ein best-in-class Ökosystem für Echtzeit-Ingestion. Kinesis Data Streams unterstützt Sub-Sekunden-Latenz und skaliert auf Millionen Events/s. MSK bietet vollständig verwaltetes Apache Kafka. IoT Core unterstützt MQTT, HTTPS und WebSocket. EventBridge ermöglicht event-driven Architekturen mit über 200 Integrationen. CDC wird über AWS DMS mit kontinuierlicher Replikation abgedeckt.",https://aws.amazon.com/kinesis/; https://aws.amazon.com/msk/; https://aws.amazon.com/iot-core/; https://aws.amazon.com/eventbridge/
Echtzeit-Datenaufnahme (Real-Time Ingestion),USA,Azure,5,"Azure Event Hubs verarbeitet Millionen Events/s mit Sub-Sekunden-Latenz und ist Kafka-protokollkompatibel. Azure IoT Hub unterstützt MQTT, AMQP und HTTPS für IoT-Geräte. Azure Stream Analytics bietet serverlose Echtzeit-Verarbeitung. CDC wird über Azure Data Factory Change Data Capture bzw. Debezium auf Event Hubs unterstützt. Event Grid ermöglicht reaktive Architekturen.",https://azure.microsoft.com/en-us/products/event-hubs/; https://azure.microsoft.com/en-us/products/iot-hub/; https://learn.microsoft.com/en-us/azure/stream-analytics/
Echtzeit-Datenaufnahme (Real-Time Ingestion),USA,Google Cloud,5,"Google Cloud Pub/Sub bietet globale, serverlose Echtzeit-Messaging-Infrastruktur mit Sub-Sekunden-Latenz und automatischer Skalierung. Dataflow (basierend auf Apache Beam) ermöglicht einheitliche Stream- und Batch-Verarbeitung. IoT-Ingestion über Pub/Sub + Cloud IoT (bzw. Partner-Lösungen nach Deprecation). CDC über Datastream (managed CDC-Service für Oracle, MySQL, PostgreSQL nach BigQuery/Cloud Storage).",https://cloud.google.com/pubsub; https://cloud.google.com/dataflow; https://cloud.google.com/datastream
Echtzeit-Datenaufnahme (Real-Time Ingestion),DE,STACKIT,2,"STACKIT bietet keinen nativen Managed-Streaming-Dienst (kein Managed Kafka, kein Event Hub). Echtzeit-Ingestion ist nur über Self-Hosting auf STACKIT Kubernetes Engine (SKE) oder VMs möglich (z.B. selbst betriebenes Kafka/Redpanda). Der STACKIT Marketplace bietet einige Partner-Lösungen, aber keinen standardisierten Pfad für Real-Time Ingestion. Kein dedizierter IoT- oder CDC-Service vorhanden.",https://docs.stackit.cloud/; https://www.stackit.de/en/cloud/products-services/; https://explore.iteratec.com/blog/eu-sovereign-cloud-teil-2-cloud-services-in-der-praxis-featureumfang-und-portierbarkeit
Echtzeit-Datenaufnahme (Real-Time Ingestion),DE,IONOS,2,"IONOS bietet einen 'Data Streaming'-Dienst (Managed Kafka) an, der jedoch im Funktionsumfang begrenzt ist und kein breites Ökosystem für IoT-Protokolle oder CDC bietet. Die Big-Data-Plattform erlaubt Echtzeit-Verarbeitung auf IaaS-Ebene, aber es fehlen serverlose, vollintegrierte Streaming-Dienste. Kein nativer IoT-Hub oder CDC-Service. Hauptsächlich IaaS-basierter Eigenbau nötig.",https://cloud.ionos.de/loesungen/big-data; https://cloud.ionos.com/prices
Echtzeit-Datenaufnahme (Real-Time Ingestion),DE,Open Telekom Cloud,3,OTC bietet den Distributed Message Service (DMS) mit vollständig verwaltetem Apache Kafka sowie einen dedizierten Data Ingestion Service (DIS) für Echtzeit-Streaming. DIS unterstützt das Einlesen von Datenströmen und Weiterleitung an OBS/DLI. DCS (Distributed Cache Service) kann als In-Memory-Layer für Sub-Millisekunden-Latenz kombiniert werden. Allerdings fehlen breite IoT-Protokollunterstützung (kein MQTT-Hub) und ein nativer CDC-Service. Gesamtangebot solide aber nicht auf Hyperscaler-Niveau.,https://www.open-telekom-cloud.com/en/products-services/core-services/distributed-message-service; https://open-telekom-cloud.com/de/produkte-services/core-services/data-ingestion-service; https://www.open-telekom-cloud.com/de/produkte-services/core-services/distributed-cache-service
Batch-Ingestion & ETL/ELT,USA,AWS,5,"AWS Glue ist der de-facto Standard für serverlose ETL/ELT in der Cloud mit nativem Spark, über 100 vorgefertigten Konnektoren (JDBC, SaaS, SAP, Salesforce etc.), Glue DataBrew für No-Code-Transformationen und integriertem Data Catalog. AWS DMS ermöglicht Datenbank-Migrationen im Batch. S3 als universeller Staging-Layer. Step Functions orchestrieren komplexe Batch-Pipelines. Glue unterstützt Python/Scala/Spark nativ.",https://aws.amazon.com/glue/; https://aws.amazon.com/dms/; https://docs.aws.amazon.com/glue/latest/dg/aws-glue-programming-etl-connect.html
Batch-Ingestion & ETL/ELT,USA,Azure,5,"Azure Data Factory (ADF) bietet 100+ Konnektoren inkl. SAP, Salesforce, Oracle, Dynamics 365 und On-Premises-Systeme via Self-Hosted Integration Runtime. ADF unterstützt ETL und ELT nativ mit Mapping Data Flows (Spark-basiert). Integration mit Azure Synapse Analytics für ELT direkt im Data Warehouse. Copy Activity ermöglicht Batch-Kopien in Petabyte-Skala. Power Query-Integration für Citizen-Developer.",https://azure.microsoft.com/en-us/products/data-factory/; https://learn.microsoft.com/en-us/azure/data-factory/connector-overview; https://learn.microsoft.com/en-us/azure/data-factory/concepts-data-flow-overview
Batch-Ingestion & ETL/ELT,USA,Google Cloud,5,"Google Cloud Dataflow (Apache Beam) vereinheitlicht Batch und Stream. Cloud Data Fusion (basierend auf CDAP) bietet eine visuelle ETL/ELT-Plattform mit 200+ Konnektoren inkl. SAP, Salesforce, JDBC. Dataproc (Managed Spark/Hadoop) für große Batch-Workloads. BigQuery unterstützt natives ELT mit SQL direkt im Warehouse. Cloud Composer (Managed Airflow) orchestriert Pipelines.",https://cloud.google.com/dataflow; https://cloud.google.com/data-fusion; https://cloud.google.com/dataproc; https://cloud.google.com/bigquery
Batch-Ingestion & ETL/ELT,DE,STACKIT,1,"STACKIT bietet keinen Managed-ETL/ELT-Dienst. Es gibt keine vorgefertigten Konnektoren zu ERP/CRM/MES-Systemen als Plattform-Service. Batch-Verarbeitung muss komplett selbst auf VMs oder Kubernetes aufgesetzt werden (z.B. Spark auf SKE, Airflow selbst betrieben). Object Storage (S3-kompatibel) dient als Staging, aber ohne verwaltete Transformationspipeline. Nur über Partner/Eigenbau realisierbar.",https://docs.stackit.cloud/; https://www.stackit.de/en/cloud/products-services/
Batch-Ingestion & ETL/ELT,DE,IONOS,2,"IONOS bietet keine nativen Managed-ETL-Dienste, ermöglicht aber über die Big-Data-Plattform (Managed Hadoop/Spark-Cluster) grundlegende Batch-Verarbeitung. Partner wie b.telligent bieten auf IONOS-Infrastruktur Datenplattform-Lösungen an. Es fehlen vorgefertigte Enterprise-Konnektoren (SAP, Salesforce etc.) als Plattform-Feature. Batch-Ingestion über S3-kompatiblen Object Storage möglich, aber ETL-Tooling muss selbst bereitgestellt werden.",https://cloud.ionos.de/loesungen/big-data; https://explore.iteratec.com/blog/eu-sovereign-cloud-teil-2-cloud-services-in-der-praxis-featureumfang-und-portierbarkeit; https://cloud.ionos.com/storage/object-storage
Batch-Ingestion & ETL/ELT,DE,Open Telekom Cloud,3,"OTC bietet den Cloud Data Migration Service (CDM) für Batch-Datentransfer zwischen verschiedenen Datenquellen mit vorgefertigten Konnektoren. MapReduce Service (MRS) ermöglicht Managed Hadoop/Spark für große Batch-Workloads. Data Lake Insight (DLI) bietet serverloses SQL für Batch-Analysen. Allerdings ist das Konnektoren-Ökosystem kleiner als bei Hyperscalern und es fehlt ein visueller ETL-Designer auf Hyperscaler-Niveau. Insgesamt eine solide Referenzarchitektur, aber kein Kernprodukt-Level.",https://www.open-telekom-cloud.com/de/produkte-services; https://senacor.blog/verprobung-open-telekom-cloud-die-speerspitze-der-eu-cloudanbieter/
Konnektoren-Ökosystem & Marketplace,USA,AWS,5,"AWS Glue bietet 100+ native Konnektoren (JDBC, SaaS, SAP, Salesforce, MongoDB, etc.) plus einen Glue Connector Marketplace mit 60+ Community-/Partner-Konnektoren. AWS IoT Core unterstützt MQTT nativ; IoT SiteWise und IoT Greengrass bieten OPC-UA-Support für industrielle Protokolle. AppFlow liefert 80+ No-Code-SaaS-Konnektoren. Custom Connectors über Glue Custom Connector API (Spark-basiert). Größtes Ökosystem aller Anbieter.",https://aws.amazon.com/glue/; https://aws.amazon.com/blogs/big-data/part-1-integrate-apache-hudi-delta-lake-apache-iceberg-datasets-at-scale-aws-glue-studio-notebook/; https://aws.amazon.com/iot-sitewise/
Konnektoren-Ökosystem & Marketplace,USA,Azure,5,"Azure Data Factory bietet 100+ native Konnektoren inkl. SAP ECC/BW, Salesforce, Oracle, Dynamics 365, OData, REST und On-Premises via Self-Hosted Integration Runtime. Azure IoT Hub unterstützt MQTT und AMQP nativ; Azure IoT Edge + OPC Publisher ermöglichen OPC-UA-Anbindung. Power Platform Connectors (1000+) erweitern das Ökosystem. Custom Connectors über ADF SDK und Logic Apps. Marketplace mit umfangreichen ISV-Integrationen.",https://learn.microsoft.com/en-us/azure/data-factory/connector-overview; https://azure.microsoft.com/en-us/products/iot-hub/; https://learn.microsoft.com/en-us/azure/industrial-iot/overview-what-is-industrial-iot
Konnektoren-Ökosystem & Marketplace,USA,Google Cloud,5,"Cloud Data Fusion (CDAP-basiert) bietet 200+ vorgefertigte Konnektoren inkl. SAP, Salesforce, JDBC, Mainframe. BigQuery hat native Konnektoren über Federation (BigLake, Omni). Application Integration und Apigee ermöglichen API-basierte Anbindung. Pub/Sub unterstützt MQTT-Bridge. Für OPC-UA gibt es Partner-Lösungen (z.B. Litmus, Telit). CDAP Hub dient als Community-Connector-Marketplace. Custom Connectors über CDAP Plugin SDK.",https://cloud.google.com/data-fusion; https://cloud.google.com/bigquery; https://cdap.io/
Konnektoren-Ökosystem & Marketplace,DE,STACKIT,1,"STACKIT verfügt über einen Marketplace (marketplace.stackit.cloud), der primär Infrastruktur-Add-ons (Datenbanken, Monitoring, Security) bietet, aber keine Datenkonnektoren zu Enterprise-Systemen (SAP, Salesforce, CRM, MES). Kein nativer ETL-Dienst bedeutet auch kein Konnektor-Ökosystem. Industrielle Protokolle (MQTT, OPC-UA) müssen vollständig selbst implementiert werden (z.B. via Mosquitto/Kepware auf VMs). Custom Connectors nur über Eigenentwicklung.",https://marketplace.stackit.cloud/; https://www.stackit.de/en/cloud/products-services/
Konnektoren-Ökosystem & Marketplace,DE,IONOS,2,"IONOS bietet über die Big-Data-Plattform Apache NiFi (300+ Prozessoren/Konnektoren im Open-Source-Umfang) und Kafka Connect als Middleware. Allerdings sind dies generische Open-Source-Tools ohne IONOS-spezifische Enterprise-Konnektoren. Kein eigener Connector-Marketplace. Industrielle Protokolle nur über Self-Hosted-Lösungen. Partner wie b.telligent bieten individuelle Integrationen. Das Ökosystem ist funktional via Open Source nutzbar, aber nicht kuratiert oder als Plattform-Feature verpackt.",https://cloud.ionos.de/loesungen/big-data; https://explore.iteratec.com/blog/eu-sovereign-cloud-teil-2-cloud-services-in-der-praxis-featureumfang-und-portierbarkeit
Konnektoren-Ökosystem & Marketplace,DE,Open Telekom Cloud,2,"OTC bietet den Cloud Data Migration Service (CDM) mit Konnektoren für gängige Datenbanken, OBS und DWS, aber das Ökosystem ist auf Kernquellen beschränkt (keine SAP/Salesforce-nativen Konnektoren). Der OTC Marketplace bietet primär ISV-Software (Security, Backup), keine dedizierten Datenkonnektoren. DMS (Kafka) ermöglicht Kafka Connect, aber als Self-Managed. Für MQTT/OPC-UA kein nativer Support; industrielle Integration nur über Eigenimplementierung auf ECS.",https://marketplace.otc.t-systems.com/; https://www.open-telekom-cloud.com/de/produkte-services; https://xomnia.com/post/navigating-the-european-cloud-landscape-open-telekom-cloud-stackit-and-ovhcloud-in-focus/
Data-Lakehouse-Architektur,USA,AWS,5,"AWS bietet nativen First-Party-Support für Apache Iceberg, Delta Lake und Apache Hudi über Glue, EMR, Athena und Redshift Spectrum. AWS Glue Data Catalog dient als zentraler Metastore mit Iceberg-Support. Lake Formation ermöglicht feingranulare Governance. S3 Tables (2024/25 eingeführt) bietet managed Iceberg-Tabellen. Schema-Evolution und Time-Travel sind über alle drei Formate nativ unterstützt. AWS hat sich als Iceberg-first positioniert.",https://aws.amazon.com/blogs/big-data/part-1-getting-started-introducing-native-support-for-apache-hudi-delta-lake-and-apache-iceberg-on-aws-glue-for-apache-spark/; https://aws.amazon.com/s3/features/tables/; https://aws.amazon.com/lake-formation/
Data-Lakehouse-Architektur,USA,Azure,5,"Microsoft Fabric vereint OneLake (Delta-Lake-basiert) als einheitliche Lakehouse-Plattform. Delta Lake ist das native Format in Synapse Analytics, Fabric und Databricks on Azure. Iceberg-Support wurde 2024/25 in Fabric ergänzt (Iceberg-Shortcuts). Schema-Evolution und Time-Travel nativ über Delta Lake. OneLake bietet automatische Optimierung (V-Order, Z-Order). Stärkstes Delta-Lake-Ökosystem durch Databricks-Partnerschaft.",https://learn.microsoft.com/en-us/fabric/; https://learn.microsoft.com/en-us/fabric/onelake/onelake-overview; https://delta.io/
Data-Lakehouse-Architektur,USA,Google Cloud,5,"BigQuery unterstützt nativ Apache Iceberg-Tabellen (BigLake Managed Tables) mit Schema-Evolution und Time-Travel. BigLake ermöglicht Queries über Iceberg, Delta Lake und Hudi auf Cloud Storage. Dataproc (Spark) unterstützt alle drei Formate. Google hat sich 2024/25 klar auf Iceberg als bevorzugtes Format positioniert (BigQuery-Iceberg-Integration). Open-Format-Strategie mit BigLake Metastore als Iceberg REST Catalog.",https://cloud.google.com/bigquery; https://cloud.google.com/bigquery/docs/iceberg-tables; https://cloud.google.com/biglake
Data-Lakehouse-Architektur,DE,STACKIT,1,"STACKIT bietet keinen Managed-Lakehouse-Dienst und keine native Unterstützung für Delta Lake, Iceberg oder Hudi. Object Storage (S3-kompatibel) kann als Storage-Layer dienen, aber es gibt keinen Managed Spark/Trino/Presto-Dienst, der Lakehouse-Formate nativ verarbeitet. Schema-Evolution und Time-Travel müssten komplett selbst auf Kubernetes implementiert werden (z.B. Spark + Iceberg auf SKE). Kein Data Catalog vorhanden.",https://docs.stackit.cloud/; https://www.stackit.de/en/cloud/products-services/; https://xomnia.com/post/navigating-the-european-cloud-landscape-open-telekom-cloud-stackit-and-ovhcloud-in-focus/
Data-Lakehouse-Architektur,DE,IONOS,2,"IONOS bietet über die Big-Data-Plattform Managed Hadoop/Spark, womit Iceberg/Delta/Hudi technisch auf IaaS-Ebene nutzbar sind. Allerdings gibt es keine native Lakehouse-Integration, keinen Managed Catalog und keine out-of-the-box Unterstützung für offene Tabellenformate. Der S3-kompatible Object Storage kann als Storage-Layer dienen. Schema-Evolution und Time-Travel nur über manuelles Spark-Setup. Kein dedizierter Lakehouse-Service.",https://cloud.ionos.de/loesungen/big-data; https://explore.iteratec.com/blog/eu-sovereign-cloud-teil-2-cloud-services-in-der-praxis-featureumfang-und-portierbarkeit
Data-Lakehouse-Architektur,DE,Open Telekom Cloud,2,"OTC bietet den MapReduce Service (MRS) mit Managed Spark/Hadoop, worüber Iceberg/Delta/Hudi technisch nutzbar sind. Data Lake Insight (DLI) ermöglicht serverloses SQL über OBS-Daten. Allerdings gibt es keinen nativen Lakehouse-Service, keinen Iceberg/Delta-nativen Catalog und keine integrierte Schema-Evolution/Time-Travel-Funktionalität als Plattform-Feature. Die Architektur ist möglich aber erfordert erheblichen DIY-Aufwand. Kein vergleichbares Produkt zu BigLake, Fabric oder Lake Formation.",https://www.open-telekom-cloud.com/de/produkte-services; https://senacor.blog/verprobung-open-telekom-cloud-die-speerspitze-der-eu-cloudanbieter/; https://explore.iteratec.com/blog/eu-sovereign-cloud-teil-2-cloud-services-in-der-praxis-featureumfang-und-portierbarkeit
Datenformat-Flexibilität,USA,AWS,5,"AWS S3 speichert beliebige Formate (strukturiert, semi-strukturiert, unstrukturiert) formatagnostisch. Athena und Redshift Spectrum unterstützen Schema-on-Read über Parquet, Avro, JSON, ORC, CSV nativ. Glue Data Catalog ermöglicht automatische Schema-Erkennung (Crawler). Glue ETL bietet Format-Konvertierung (z.B. JSON→Parquet). Amazon Rekognition (Bilder/Video), Transcribe (Audio) und Textract (Dokumente) verarbeiten unstrukturierte Daten nativ. Comprehend für NLP auf Textdaten. Umfassendstes Ökosystem für alle Datentypen.",https://aws.amazon.com/s3/; https://aws.amazon.com/athena/; https://aws.amazon.com/glue/
Datenformat-Flexibilität,USA,Azure,5,"Azure Blob Storage speichert beliebige Datenformate. Azure Synapse Analytics und Fabric unterstützen Schema-on-Read für Parquet, Delta, JSON, CSV, Avro über Serverless SQL Pools. Azure Data Factory bietet automatische Schema-Erkennung und Format-Konvertierung. Cognitive Services (Computer Vision, Speech-to-Text, Language) verarbeiten unstrukturierte Daten. Azure AI Document Intelligence für Dokument-Extraktion. Purview für automatische Klassifizierung und Schema-Discovery.",https://azure.microsoft.com/en-us/products/storage/blobs/; https://learn.microsoft.com/en-us/azure/synapse-analytics/; https://azure.microsoft.com/en-us/products/ai-services/
Datenformat-Flexibilität,USA,Google Cloud,5,"Google Cloud Storage speichert beliebige Datenformate. BigQuery unterstützt Schema-on-Read über externe Tabellen (JSON, Parquet, Avro, ORC, CSV) und hat native JSON-Spaltentypen. Dataflow (Beam) verarbeitet und konvertiert alle Formate. Vertex AI Vision, Speech-to-Text und Document AI verarbeiten unstrukturierte Daten nativ. BigQuery ML ermöglicht Inferenz direkt auf strukturierten Daten. Automatische Schema-Erkennung in Data Fusion und BigQuery.",https://cloud.google.com/storage; https://cloud.google.com/bigquery; https://cloud.google.com/document-ai
Datenformat-Flexibilität,DE,STACKIT,3,"STACKIT Object Storage (S3-kompatibel) speichert beliebige Datenformate formatagnostisch – strukturiert, semi-strukturiert und unstrukturiert inkl. Bilder, Video, Logs. Es fehlen jedoch Managed-Analytics-Dienste für Schema-on-Read (kein Athena/Synapse-Äquivalent). Keine automatische Schema-Erkennung oder Format-Konvertierung als Plattform-Feature. Keine nativen KI-Dienste für unstrukturierte Datenverarbeitung (Bild/Audio/Video-Analyse). Storage-seitig flexibel, aber Verarbeitungsseite ist Eigenbau.",https://docs.stackit.cloud/products/storage/object-storage/; https://www.stackit.de/en/product/object-storage/; https://innfactory.de/en/cloud/stackit/products/object-storage/
Datenformat-Flexibilität,DE,IONOS,3,"IONOS S3 Object Storage speichert beliebige Formate. Über die Big-Data-Plattform (Hadoop/Spark) ist Schema-on-Read für Parquet, JSON, Avro etc. möglich. Apache Druid ermöglicht semi-strukturierte Datenanalyse. Allerdings keine Managed-Serverless-Query-Engine (kein Athena-Äquivalent), keine automatische Schema-Erkennung als Plattform-Feature und keine nativen KI-Dienste für unstrukturierte Daten. Funktional über Open-Source-Stack nutzbar, aber ohne Plattform-Integration.",https://cloud.ionos.de/loesungen/big-data; https://cloud.ionos.com/storage/object-storage
Datenformat-Flexibilität,DE,Open Telekom Cloud,3,"OTC Object Storage Service (OBS) speichert beliebige Datenformate. MapReduce Service (MRS) mit Spark ermöglicht Schema-on-Read über Parquet, JSON, ORC, CSV. Data Lake Insight (DLI) bietet serverloses SQL über OBS-Daten in verschiedenen Formaten. Allerdings fehlen native KI-Dienste für unstrukturierte Datenverarbeitung (Bild/Audio/Video), keine automatische Format-Konvertierung als Plattform-Feature und eingeschränkte Schema-Discovery. Solider Mittelweg zwischen IaaS und Managed Services.",https://www.open-telekom-cloud.com/de/produkte-services/object-storage-service; https://www.open-telekom-cloud.com/de/produkte-services
Storage-Tiering & Lifecycle-Management,USA,AWS,5,"AWS S3 bietet 7 Storage-Klassen (Standard, Intelligent-Tiering, Standard-IA, One Zone-IA, Glacier Instant Retrieval, Glacier Flexible Retrieval, Glacier Deep Archive). S3 Intelligent-Tiering verschiebt Objekte automatisch zwischen Tiers basierend auf Zugriffsmustern – ohne Abrufgebühren oder Latenznachteile. Lifecycle Policies ermöglichen regelbasierte Übergänge und automatische Löschung. Industriestandard für Storage-Tiering mit dem breitesten Tier-Spektrum aller Anbieter.",https://aws.amazon.com/s3/storage-classes/; https://docs.aws.amazon.com/AmazonS3/latest/userguide/lifecycle-transition-general-considerations.html; https://aws.amazon.com/s3/storage-classes/intelligent-tiering/
Storage-Tiering & Lifecycle-Management,USA,Azure,5,"Azure Blob Storage bietet Hot, Cool, Cold und Archive Tiers. Lifecycle Management Policies automatisieren Tier-Übergänge regelbasiert (nach Alter, letztem Zugriff). Azure Smart Tiering (vergleichbar mit S3 Intelligent-Tiering) wurde ergänzt. Blob-Level-Tiering ermöglicht individuelle Tier-Zuweisung pro Objekt. Archive Tier bietet kostengünstigste Langzeitarchivierung. Vollständig integriert mit Azure Storage Explorer und Policies.",https://learn.microsoft.com/en-us/azure/storage/blobs/access-tiers-overview; https://learn.microsoft.com/en-us/azure/storage/blobs/lifecycle-management-overview; https://azure.microsoft.com/en-us/products/storage/blobs/
Storage-Tiering & Lifecycle-Management,USA,Google Cloud,5,"Google Cloud Storage bietet Standard, Nearline, Coldline und Archive Klassen. Object Lifecycle Management Rules automatisieren Übergänge basierend auf Alter, Erstellungsdatum und Bedingungen. Autoclass (automatisches Tiering) verschiebt Objekte automatisch zwischen Klassen basierend auf Zugriffsmustern – vergleichbar mit S3 Intelligent-Tiering. Einheitliche API über alle Klassen hinweg. Kein Abruf-Latenz-Unterschied zwischen Standard/Nearline (nur Preisunterschiede).",https://cloud.google.com/storage/docs/storage-classes; https://cloud.google.com/storage/docs/lifecycle; https://cloud.google.com/storage/docs/autoclass
Storage-Tiering & Lifecycle-Management,DE,STACKIT,2,"STACKIT Object Storage ist S3-kompatibel, bietet jedoch keine dokumentierten Storage-Klassen oder automatisches Tiering. Es gibt eine einheitliche Storage-Klasse ohne Hot/Warm/Cold-Differenzierung. Lifecycle-Regeln zur automatischen Löschung (Expiration) sind über die S3-API möglich, aber kein automatischer Tier-Übergang. Keine Archiv-Klasse verfügbar. Für Kostenoptimierung durch Tiering ist ein Wechsel zu einem anderen Anbieter oder manuelle Datenmigration nötig.",https://docs.stackit.cloud/products/storage/object-storage/; https://explore.iteratec.com/blog/eu-sovereign-cloud-teil-2-cloud-services-in-der-praxis-featureumfang-und-portierbarkeit
Storage-Tiering & Lifecycle-Management,DE,IONOS,2,"IONOS S3 Object Storage bietet grundlegendes Lifecycle-Management über die S3-API (Expiration Rules). Allerdings sind keine differenzierten Storage-Klassen (Hot/Cold/Archive) dokumentiert. Es existiert ein einheitlicher Preis pro GB ohne automatisches Tiering. Für Archivierung wird IONOS Backup/Archive als separater Dienst angeboten, aber nicht als integriertes Storage-Tiering innerhalb von Object Storage. Manueller Prozess für Kostenstufung erforderlich.",https://cloud.ionos.com/storage/object-storage; https://explore.iteratec.com/blog/eu-sovereign-cloud-teil-2-cloud-services-in-der-praxis-featureumfang-und-portierbarkeit
Storage-Tiering & Lifecycle-Management,DE,Open Telekom Cloud,4,"OTC Object Storage Service (OBS) bietet drei Storage-Klassen: Standard, Warm (Infrequent Access) und Cold. Lifecycle-Regeln ermöglichen automatische Übergänge zwischen diesen Klassen basierend auf Alter und regelbasierten Policies. WORM-Modell für Compliance verfügbar. Versioning und Access Logging integriert. OTC ist der einzige deutsche Anbieter mit einem echten mehrstufigen Tiering-Modell inkl. automatischer Transition. Allerdings fehlt eine Archive/Deep-Archive-Klasse und automatisches ML-basiertes Tiering (wie S3 Intelligent-Tiering).",https://www.open-telekom-cloud.com/de/produkte-services/object-storage-service; https://docs.otc.t-systems.com/object-storage-service/; https://www.open-telekom-cloud.com/en/blog/product-news/storage-guide-telekomcloud
Skalierbarkeit (Compute & Storage),USA,AWS,5,"AWS bietet vollständige Trennung von Compute und Storage (S3 + Athena/Redshift Serverless/EMR Serverless). Lambda für Serverless-Compute skaliert auf Tausende parallele Ausführungen. EC2 Auto Scaling Groups, EKS mit Karpenter und Fargate (Serverless Container) ermöglichen elastische Compute-Skalierung. S3 skaliert praktisch unbegrenzt. Redshift Serverless und Athena skalieren Compute on-demand ohne Cluster-Management. EMR Serverless für Spark/Hive on-demand. Best-in-class Elastizität.",https://aws.amazon.com/lambda/; https://aws.amazon.com/redshift/redshift-serverless/; https://aws.amazon.com/emr/serverless/
Skalierbarkeit (Compute & Storage),USA,Azure,5,"Azure bietet Compute-Storage-Trennung in Synapse Serverless, Fabric und Azure SQL Serverless. Azure Functions skaliert serverless. AKS mit KEDA und Virtual Nodes (ACI) für Container-Autoscaling. VM Scale Sets für elastische IaaS-Skalierung. Blob Storage skaliert praktisch unbegrenzt. Microsoft Fabric bietet On-Demand-Compute mit Capacity Units. Azure Cosmos DB bietet elastische RU-Skalierung. Umfassendes Serverless-Portfolio über alle Schichten.",https://azure.microsoft.com/en-us/products/functions/; https://learn.microsoft.com/en-us/azure/synapse-analytics/; https://learn.microsoft.com/en-us/fabric/
Skalierbarkeit (Compute & Storage),USA,Google Cloud,5,"Google Cloud bietet native Compute-Storage-Trennung in BigQuery (Serverless, automatische Slot-Skalierung), Dataflow (autoscaling Beam-Pipelines) und Dataproc Serverless. Cloud Functions und Cloud Run bieten Serverless-Compute. GKE Autopilot skaliert Kubernetes vollautomatisch. Cloud Storage skaliert unbegrenzt. BigQuery Editions ermöglichen Autoscaling-Slots. Spanner bietet horizontal skalierende SQL-Datenbank. Besonders stark bei analytischen Workloads durch BigQuery-Architektur.",https://cloud.google.com/bigquery; https://cloud.google.com/run; https://cloud.google.com/dataproc-serverless/docs
Skalierbarkeit (Compute & Storage),DE,STACKIT,2,"STACKIT bietet VMs mit manueller Skalierung und Kubernetes (SKE) mit Cluster-Autoscaler für Container-Workloads. Object Storage skaliert elastisch. Allerdings fehlen Serverless-Compute-Dienste vollständig (keine Functions, kein Serverless Container). Keine Compute-Storage-Trennung auf Plattform-Ebene (kein Serverless-Query-Engine). Auto Scaling beschränkt sich auf Kubernetes-Pods und VM-basierte Ansätze. Keine On-Demand-Cluster für Analytics.",https://docs.stackit.cloud/; https://explore.iteratec.com/blog/eu-sovereign-cloud-teil-2-cloud-services-in-der-praxis-featureumfang-und-portierbarkeit; https://xomnia.com/post/navigating-the-european-cloud-landscape-open-telekom-cloud-stackit-and-ovhcloud-in-focus/
Skalierbarkeit (Compute & Storage),DE,IONOS,2,"IONOS bietet Managed Kubernetes mit Autoscaling sowie VMs mit horizontaler/vertikaler Skalierung. Object Storage skaliert elastisch. Allerdings fehlen Serverless-Compute-Dienste (keine Functions-as-a-Service). Keine Compute-Storage-Trennung auf Plattform-Ebene. Big-Data-Cluster (Hadoop/Spark) müssen vorab provisioniert werden – kein On-Demand/Serverless-Modell. Elastizität auf IaaS-Level vorhanden, aber keine PaaS/Serverless-Elastizität.",https://cloud.ionos.com/managed/kubernetes; https://explore.iteratec.com/blog/eu-sovereign-cloud-teil-2-cloud-services-in-der-praxis-featureumfang-und-portierbarkeit
Skalierbarkeit (Compute & Storage),DE,Open Telekom Cloud,3,"OTC bietet Auto Scaling Groups für VMs, Cloud Container Engine (CCE) mit Autoscaling und FunctionGraph als einziger deutscher Anbieter mit nativem Serverless-Compute (Functions-as-a-Service). OBS skaliert elastisch. Data Lake Insight (DLI) bietet serverloses SQL als Compute-Storage-Trennung. MapReduce Service (MRS) erfordert vorab provisionierte Cluster (kein Serverless Spark). FunctionGraph hebt OTC klar von STACKIT und IONOS ab, erreicht aber nicht das Serverless-Ökosystem der Hyperscaler.",https://www.open-telekom-cloud.com/de/produkte-services; https://explore.iteratec.com/blog/eu-sovereign-cloud-teil-2-cloud-services-in-der-praxis-featureumfang-und-portierbarkeit; https://www.open-telekom-cloud.com/en/blog/benefits/it-award-gold-2025
Stream-Processing & Complex Event Processing,USA,AWS,5,"AWS bietet Amazon Managed Service for Apache Flink (ehem. Kinesis Data Analytics) als vollständig verwalteten Flink-Dienst mit Stateful Processing, Windowing, Event-Time-Semantik und CEP-Bibliothek. EMR unterstützt Flink und Spark Structured Streaming auf managed Clustern. Kinesis Data Streams als Quelle, MSK (Kafka) als Alternative. EventBridge Pipes für einfache Event-Transformation. AWS Step Functions für Event-orchestrierte Workflows. Best-in-class durch nativen Managed Flink.",https://aws.amazon.com/managed-service-apache-flink/; https://aws.amazon.com/emr/; https://docs.aws.amazon.com/managed-flink/latest/java/what-is.html
Stream-Processing & Complex Event Processing,USA,Azure,5,"Azure Stream Analytics bietet eine serverlose Stream-Processing-Engine mit SQL-basiertem Windowing (Tumbling, Hopping, Sliding, Session), Temporal Joins und Pattern-Matching. Azure HDInsight und Databricks on Azure bieten Managed Flink und Spark Structured Streaming. Event Hubs als nativer Streaming-Backbone. Azure Functions mit Event-Hub-Trigger für leichtgewichtiges CEP. Fabric Real-Time Intelligence (ehem. Real-Time Analytics) bietet Echtzeit-Dashboards mit KQL. Breites Ökosystem.",https://learn.microsoft.com/en-us/azure/stream-analytics/; https://azure.microsoft.com/en-us/products/hdinsight/
Stream-Processing & Complex Event Processing,USA,Google Cloud,5,"Google Cloud Dataflow (Apache Beam) bietet einheitliches Stream- und Batch-Processing mit nativem Windowing (Fixed, Sliding, Session, Global), Watermarks, Triggers und Stateful Processing. Dataflow ist vollständig serverless mit Autoscaling. Dataproc bietet Managed Flink und Spark Structured Streaming. Pub/Sub als nativer Event-Backbone. Beam-Modell ist industriestandard-setzend für Stream-Processing-Semantik. Besonders stark bei Exactly-Once-Garantien.",https://cloud.google.com/dataflow; https://beam.apache.org/; https://cloud.google.com/dataproc
Stream-Processing & Complex Event Processing,DE,STACKIT,1,"STACKIT bietet keinen Managed-Stream-Processing-Dienst. Es gibt kein Managed Flink, Spark Streaming oder eine eigene CEP-Engine. Stream-Processing muss komplett selbst auf Kubernetes (SKE) betrieben werden (z.B. Flink auf K8s, Kafka Streams als Library). Kein nativer Event-Backbone (kein Managed Kafka/Event Hub). Der gesamte Stream-Processing-Stack ist Eigenbau ohne Plattform-Support oder Referenzarchitektur.",https://docs.stackit.cloud/; https://www.stackit.de/en/cloud/products-services/; https://explore.iteratec.com/blog/eu-sovereign-cloud-teil-2-cloud-services-in-der-praxis-featureumfang-und-portierbarkeit
Stream-Processing & Complex Event Processing,DE,IONOS,2,"IONOS bietet über die Big-Data-Plattform Apache Kafka (Streaming) und Apache Druid (Echtzeit-Analyse) als verwaltete Komponenten. Spark Streaming ist über die Managed-Hadoop-Plattform technisch möglich. Allerdings gibt es kein Managed Flink, keine native CEP-Engine und kein serverloses Stream-Processing. Windowing und Stateful Processing nur über selbst konfiguriertes Spark/Kafka Streams. Grundlegende Fähigkeit über Open-Source-Stack, aber nicht als integriertes Produkt.",https://cloud.ionos.de/loesungen/big-data; https://explore.iteratec.com/blog/eu-sovereign-cloud-teil-2-cloud-services-in-der-praxis-featureumfang-und-portierbarkeit
Stream-Processing & Complex Event Processing,DE,Open Telekom Cloud,3,"OTC bietet den MapReduce Service (MRS) mit Managed Flink und Spark als Cluster-Komponenten für Stream-Processing. DMS (Managed Kafka) dient als Event-Backbone. Data Ingestion Service (DIS) ermöglicht Echtzeit-Streaming in OBS/DLI. MRS Flink unterstützt Windowing und Stateful Processing. Allerdings ist Flink auf MRS nicht serverless (vorab provisionierter Cluster), und es fehlt eine native CEP-Bibliothek als Plattform-Feature. Solide Referenzarchitektur, aber nicht Kernprodukt-Level.",https://www.open-telekom-cloud.com/de/produkte-services; https://docs.otc.t-systems.com/mapreduce-service/; https://senacor.blog/verprobung-open-telekom-cloud-die-speerspitze-der-eu-cloudanbieter/
Analytische Query-Engine,USA,AWS,5,"Amazon Redshift ist eine MPP-Columnar-Architektur mit automatischer Query-Optimierung (Adaptive Query Execution, Predicate Pushdown, Automatic Table Optimization). Materialisierte Views mit Auto-Refresh, Result Caching und Concurrency Scaling (automatische Skalierung bei Peak-Load). Redshift Serverless ermöglicht nutzungsbasierte Abrechnung. Voller SQL-Standard mit Window Functions, Geospatial (GEOMETRY/GEOGRAPHY), HyperLogLog (Approximate Queries), SUPER-Typ für semi-strukturierte Daten. Athena (Presto/Trino) ergänzt als serverlose Query-Engine für S3. Redshift Spectrum für federated Queries über S3.",https://aws.amazon.com/redshift/; https://docs.aws.amazon.com/redshift/latest/dg/c_challenges_achieving_high_performance_queries.html; https://aws.amazon.com/redshift/redshift-serverless/
Analytische Query-Engine,USA,Azure,5,"Azure Synapse Analytics bietet eine MPP-Engine (Dedicated SQL Pools) mit Predicate Pushdown, Adaptive Query Processing und materialisierter Views. Serverless SQL Pools für On-Demand-Queries über Data Lake. Result Set Caching und Workload Management (Concurrency). Microsoft Fabric bringt DirectLake-Mode für Echtzeit-BI ohne Import. Voller T-SQL-Standard mit Window Functions, Geospatial (STGeometry) und Approximate Count Distinct. Synapse Link ermöglicht HTAP-Szenarien. Azure SQL Analytics + Log Analytics für Monitoring.",https://learn.microsoft.com/en-us/azure/synapse-analytics/sql-data-warehouse/sql-data-warehouse-overview-what-is; https://learn.microsoft.com/en-us/fabric/; https://learn.microsoft.com/en-us/azure/synapse-analytics/
Analytische Query-Engine,USA,Google Cloud,5,"BigQuery ist eine vollständig serverlose MPP-Engine mit Dremel-Architektur (Columnar, verteilte Ausführung). Automatische Query-Optimierung mit Slot-basierter Skalierung. Materialisierte Views mit Smart-Tuning und automatischem Rewrite. BI Engine als In-Memory-Accelerator für Sub-Sekunden-Caching. Concurrency wird über Slot-Reservierungen und Autoscaling Editions gesteuert. Voller GoogleSQL-Standard mit Window Functions, Geospatial (BigQuery GIS mit ST_-Funktionen), APPROX_-Funktionen (HLL, Quantiles), ML-Integration (BQML). Best-in-class für serverlose analytische Workloads.",https://cloud.google.com/bigquery; https://cloud.google.com/bigquery/docs/materialized-views-intro; https://cloud.google.com/bigquery/docs/bi-engine-intro
Analytische Query-Engine,DE,STACKIT,1,"STACKIT bietet keine analytische Query-Engine oder Data-Warehouse-Dienst. Es gibt kein MPP-SQL-System, keine materialisierte Views, kein Result Caching auf Plattform-Ebene. Analytische Queries erfordern vollständigen Eigenbau (z.B. ClickHouse, Trino oder DuckDB auf VMs/Kubernetes). Managed PostgreSQL ist verfügbar, aber als OLTP-Datenbank ohne MPP-Architektur. Keine Geospatial- oder Approximate-Query-Funktionen als Plattform-Feature. Komplett Eigenbau erforderlich.",https://docs.stackit.cloud/; https://www.stackit.de/en/cloud/products-services/; https://explore.iteratec.com/blog/eu-sovereign-cloud-teil-2-cloud-services-in-der-praxis-featureumfang-und-portierbarkeit
Analytische Query-Engine,DE,IONOS,2,"IONOS bietet über die Big-Data-Plattform Apache Druid für Echtzeit-OLAP-Queries und Spark SQL über Managed Hadoop. Druid bietet Columnar Storage, Approximate Queries (HyperLogLog, Theta Sketches) und Sub-Sekunden-Latenz für Aggregationen. Allerdings kein vollwertiges MPP-Data-Warehouse (kein Redshift/Synapse/BigQuery-Äquivalent), keine materialisierte Views auf Plattform-Ebene, kein serverloses Query-Modell. Window Functions über Spark SQL möglich. Grundlegende analytische Fähigkeit über Open-Source-Stack.",https://cloud.ionos.de/loesungen/big-data; https://druid.apache.org/
Analytische Query-Engine,DE,Open Telekom Cloud,3,"OTC bietet den Data Warehouse Service (DWS) basierend auf GaussDB(DWS), einer MPP-Columnar-Engine mit SQL-Kompatibilität (PostgreSQL-Dialekt). DWS unterstützt materialisierte Views, Predicate Pushdown, Hash/Merge Joins und Window Functions. Data Lake Insight (DLI) bietet serverloses SQL über OBS-Daten. Allerdings fehlen Advanced Features wie Approximate Queries, Geospatial-Funktionen auf Hyperscaler-Niveau, automatische Query-Optimierung (AQE) und Concurrency Scaling. DWS erfordert vorab provisionierte Cluster. Solides Produkt, aber unter Hyperscaler-Niveau.",https://www.open-telekom-cloud.com/de/produkte-services/core-services/data-warehouse-service; https://docs.otc.t-systems.com/data-warehouse-service/; https://senacor.blog/verprobung-open-telekom-cloud-die-speerspitze-der-eu-cloudanbieter/
BI- & Visualisierungs-Integration,USA,AWS,5,"Amazon QuickSight ist ein nativer, serverloser BI-Dienst mit SPICE-Engine (In-Memory), ML-gestützten Insights (Anomalieerkennung, Forecasting) und Embedded Analytics. Native Konnektoren zu Redshift, Athena, S3, RDS. ODBC/JDBC-Treiber für Tableau, Looker, Power BI. QuickSight Q ermöglicht Natural-Language-Queries. Grafana ist als Amazon Managed Grafana verfügbar. Self-Service-Analytics über QuickSight Reader-Lizenzen. Umfassendstes natives BI-Ökosystem.",https://aws.amazon.com/quicksight/; https://aws.amazon.com/grafana/; https://docs.aws.amazon.com/redshift/latest/mgmt/configure-odbc-connection.html
BI- & Visualisierungs-Integration,USA,Azure,5,"Power BI ist marktführend im BI-Bereich (Gartner Leader) und nativ in Azure und Microsoft 365 integriert. DirectQuery und DirectLake (Fabric) ermöglichen Live-Verbindungen zu Synapse, SQL und Data Lake. Embedded Analytics über Power BI Embedded. Self-Service-Analytics für Fachanwender über Power BI Desktop/Service. Native Konnektoren zu Tableau, Looker über ODBC/JDBC. Azure Managed Grafana verfügbar. Copilot in Power BI für NL-Queries. Stärkstes Self-Service-BI-Ökosystem durch Microsoft-365-Integration.",https://powerbi.microsoft.com/; https://learn.microsoft.com/en-us/power-bi/; https://azure.microsoft.com/en-us/products/managed-grafana/
BI- & Visualisierungs-Integration,USA,Google Cloud,5,Looker (nativ in GCP integriert) bietet eine semantische BI-Plattform mit LookML-Modellierung. Looker Studio (ehem. Data Studio) ist kostenlos für Self-Service-Dashboards. Beide sind nativ mit BigQuery integriert. BI Engine beschleunigt Dashboards auf Sub-Sekunden-Latenz. Connected Sheets ermöglicht BigQuery-Zugriff direkt aus Google Sheets. ODBC/JDBC-Treiber für Tableau und Power BI. Gemini in Looker für NL-Queries. Besonders stark durch BigQuery-Looker-Tight-Integration.,https://cloud.google.com/looker; https://cloud.google.com/bigquery/docs/bi-engine-intro; https://lookerstudio.google.com/
BI- & Visualisierungs-Integration,DE,STACKIT,1,"STACKIT bietet keinen nativen BI- oder Visualisierungsdienst. Kein QuickSight/Power BI/Looker-Äquivalent. Kein Managed Grafana als Plattform-Feature. BI-Tools müssen vollständig selbst gehostet werden (z.B. Grafana, Metabase, Apache Superset auf VMs/Kubernetes). Keine nativen ODBC/JDBC-Endpunkte für analytische Datenquellen (da kein Data Warehouse vorhanden). Self-Service-Analytics für Fachanwender ohne Plattform-Support nicht realisierbar.",https://docs.stackit.cloud/; https://www.stackit.de/en/cloud/products-services/
BI- & Visualisierungs-Integration,DE,IONOS,2,"IONOS bietet kein natives BI-Tool, aber über die Big-Data-Plattform ist Apache Superset als Open-Source-BI-Frontend verfügbar. Grafana kann auf IONOS-Infrastruktur self-hosted betrieben werden. JDBC/ODBC-Zugriff auf Druid und Spark SQL ermöglicht grundlegende Anbindung externer BI-Tools (Tableau, Looker). Kein Self-Service-Analytics-Feature für Fachanwender. Kein Managed Grafana. Funktional möglich über Open-Source-Stack, aber kein Plattform-Produkt.",https://cloud.ionos.de/loesungen/big-data; https://superset.apache.org/
BI- & Visualisierungs-Integration,DE,Open Telekom Cloud,2,"OTC bietet keinen nativen BI-Dienst, aber der Data Warehouse Service (DWS) stellt JDBC/ODBC-Endpunkte bereit, über die Tableau, Power BI und Looker angebunden werden können. Data Lake Insight (DLI) bietet SQL-Endpunkte. Grafana muss selbst betrieben werden (kein Managed Grafana). Cloud Eye bietet Infrastruktur-Monitoring-Dashboards, aber kein BI-Tool. Kein Self-Service-Analytics für Fachanwender als Plattform-Feature. Grundlegende Anbindungsmöglichkeit über DWS-Endpunkte, aber kein integriertes BI-Erlebnis.",https://www.open-telekom-cloud.com/de/produkte-services/core-services/data-warehouse-service; https://docs.otc.t-systems.com/data-warehouse-service/
