Kriterium;Region;Anbieter;Score;Begründung;Quellen
Echtzeit-Datenaufnahme (Real-Time Ingestion);USA;AWS;5;AWS bietet mit Amazon Kinesis (Data Streams, Firehose), Amazon MSK (Managed Kafka), AWS IoT Core und Amazon EventBridge ein best-in-class Ökosystem für Echtzeit-Ingestion. Kinesis Data Streams unterstützt Sub-Sekunden-Latenz und skaliert auf Millionen Events/s. MSK bietet vollständig verwaltetes Apache Kafka. IoT Core unterstützt MQTT, HTTPS und WebSocket. EventBridge ermöglicht event-driven Architekturen mit über 200 Integrationen. CDC wird über AWS DMS mit kontinuierlicher Replikation abgedeckt.;"https://aws.amazon.com/kinesis/; https://aws.amazon.com/msk/; https://aws.amazon.com/iot-core/; https://aws.amazon.com/eventbridge/"
Echtzeit-Datenaufnahme (Real-Time Ingestion);USA;Azure;5;Azure Event Hubs verarbeitet Millionen Events/s mit Sub-Sekunden-Latenz und ist Kafka-protokollkompatibel. Azure IoT Hub unterstützt MQTT, AMQP und HTTPS für IoT-Geräte. Azure Stream Analytics bietet serverlose Echtzeit-Verarbeitung. CDC wird über Azure Data Factory Change Data Capture bzw. Debezium auf Event Hubs unterstützt. Event Grid ermöglicht reaktive Architekturen.;"https://azure.microsoft.com/en-us/products/event-hubs/; https://azure.microsoft.com/en-us/products/iot-hub/; https://learn.microsoft.com/en-us/azure/stream-analytics/"
Echtzeit-Datenaufnahme (Real-Time Ingestion);USA;Google Cloud;4;Google Cloud Pub/Sub bietet globale, serverlose Echtzeit-Messaging-Infrastruktur mit Sub-Sekunden-Latenz und automatischer Skalierung. Dataflow (Apache Beam) vereinheitlicht Stream- und Batch-Verarbeitung. Datastream bietet managed CDC für Oracle, MySQL, PostgreSQL. JEDOCH: Google IoT Core wurde im Juli 2023 eingestellt und hinterlässt eine signifikante Lücke im IoT-Ingestion-Bereich, die nur durch Partner-Lösungen (z.B. ClearBlade) gefüllt werden kann. Im Vergleich zu AWS (IoT Core mit MQTT/WebSocket) und Azure (IoT Hub mit MQTT/AMQP) fehlt damit eine native IoT-Komponente. Pub/Sub allein kompensiert das nicht vollständig, da Device-Management und Protokoll-Translation fehlen. Score 4 statt 5, da das Gesamtpaket trotz Pub/Sub-Stärke eine Lücke aufweist, die AWS und Azure nicht haben.;"https://cloud.google.com/pubsub; https://cloud.google.com/dataflow; https://cloud.google.com/datastream"
Echtzeit-Datenaufnahme (Real-Time Ingestion);DE;STACKIT;2;STACKIT bietet keinen nativen Managed-Streaming-Dienst (kein Managed Kafka, kein Event Hub). Echtzeit-Ingestion ist nur über Self-Hosting auf STACKIT Kubernetes Engine (SKE) oder VMs möglich (z.B. selbst betriebenes Kafka/Redpanda). Der STACKIT Marketplace bietet einige Partner-Lösungen, aber keinen standardisierten Pfad für Real-Time Ingestion. Kein dedizierter IoT- oder CDC-Service vorhanden.;"https://docs.stackit.cloud/; https://www.stackit.de/en/cloud/products-services/; https://explore.iteratec.com/blog/eu-sovereign-cloud-teil-2-cloud-services-in-der-praxis-featureumfang-und-portierbarkeit"
Echtzeit-Datenaufnahme (Real-Time Ingestion);DE;IONOS;2;IONOS bietet einen 'Data Streaming'-Dienst (Managed Kafka) an, der jedoch im Funktionsumfang begrenzt ist und kein breites Ökosystem für IoT-Protokolle oder CDC bietet. Die Big-Data-Plattform erlaubt Echtzeit-Verarbeitung auf IaaS-Ebene, aber es fehlen serverlose, vollintegrierte Streaming-Dienste. Kein nativer IoT-Hub oder CDC-Service. Hauptsächlich IaaS-basierter Eigenbau nötig.;"https://cloud.ionos.de/loesungen/big-data; https://cloud.ionos.com/prices"
Echtzeit-Datenaufnahme (Real-Time Ingestion);DE;Open Telekom Cloud (OTC);3;OTC bietet den Distributed Message Service (DMS) mit vollständig verwaltetem Apache Kafka sowie einen dedizierten Data Ingestion Service (DIS) für Echtzeit-Streaming. DIS unterstützt das Einlesen von Datenströmen und Weiterleitung an OBS/DLI. DCS (Distributed Cache Service) kann als In-Memory-Layer für Sub-Millisekunden-Latenz kombiniert werden. Allerdings fehlen breite IoT-Protokollunterstützung (kein MQTT-Hub) und ein nativer CDC-Service. Gesamtangebot solide aber nicht auf Hyperscaler-Niveau.;"https://www.open-telekom-cloud.com/en/products-services/core-services/distributed-message-service; https://open-telekom-cloud.com/de/produkte-services/core-services/data-ingestion-service; https://www.open-telekom-cloud.com/de/produkte-services/core-services/distributed-cache-service"
Batch-Ingestion & ETL/ELT;USA;AWS;5;AWS Glue ist der de-facto Standard für serverlose ETL/ELT in der Cloud mit nativem Spark, über 100 vorgefertigten Konnektoren (JDBC, SaaS, SAP, Salesforce etc.), Glue DataBrew für No-Code-Transformationen und integriertem Data Catalog. AWS DMS ermöglicht Datenbank-Migrationen im Batch. S3 als universeller Staging-Layer. Step Functions orchestrieren komplexe Batch-Pipelines. Glue unterstützt Python/Scala/Spark nativ.;"https://aws.amazon.com/glue/; https://aws.amazon.com/dms/; https://docs.aws.amazon.com/glue/latest/dg/aws-glue-programming-etl-connect.html"
Batch-Ingestion & ETL/ELT;USA;Azure;5;Azure Data Factory (ADF) bietet 100+ Konnektoren inkl. SAP, Salesforce, Oracle, Dynamics 365 und On-Premises-Systeme via Self-Hosted Integration Runtime. ADF unterstützt ETL und ELT nativ mit Mapping Data Flows (Spark-basiert). Integration mit Azure Synapse Analytics für ELT direkt im Data Warehouse. Copy Activity ermöglicht Batch-Kopien in Petabyte-Skala. Power Query-Integration für Citizen-Developer.;"https://azure.microsoft.com/en-us/products/data-factory/; https://learn.microsoft.com/en-us/azure/data-factory/connector-overview; https://learn.microsoft.com/en-us/azure/data-factory/concepts-data-flow-overview"
Batch-Ingestion & ETL/ELT;USA;Google Cloud;5;Google Cloud Dataflow (Apache Beam) vereinheitlicht Batch und Stream. Cloud Data Fusion (basierend auf CDAP) bietet eine visuelle ETL/ELT-Plattform mit 200+ Konnektoren inkl. SAP, Salesforce, JDBC. Dataproc (Managed Spark/Hadoop) für große Batch-Workloads. BigQuery unterstützt natives ELT mit SQL direkt im Warehouse. Cloud Composer (Managed Airflow) orchestriert Pipelines.;"https://cloud.google.com/dataflow; https://cloud.google.com/data-fusion; https://cloud.google.com/dataproc; https://cloud.google.com/bigquery"
Batch-Ingestion & ETL/ELT;DE;STACKIT;2;STACKIT bietet keinen Managed-ETL/ELT-Dienst (kein Äquivalent zu AWS Glue oder Azure Data Factory). Allerdings stellt die STACKIT Kubernetes Engine (SKE) eine solide Plattform bereit, auf der Apache Spark, dbt, Airflow oder andere ETL-Tools self-hosted werden können. S3-kompatibler Object Storage ermöglicht grundlegende Batch-Datenverarbeitung. Im Vergleich zu IONOS (Score 2), das ebenfalls keinen dedizierten ETL-Dienst hat aber eine Big-Data-Plattform mit Hadoop/Spark anbietet, ist STACKIT minimal schwächer (kein Managed Spark), aber die K8s-Basis ermöglicht dennoch funktionale Batch-Pipelines. Score 2 statt 1, da die Infrastruktur-Grundlage (K8s + S3) mehr bietet als 'quasi nicht existent' (Score 1). OTC mit Score 3 bleibt korrekt darüber, da ModelArts und DLI native Dienste für Batch-Verarbeitung bieten.;"https://docs.stackit.cloud/; https://www.stackit.de/en/cloud/products-services/"
Batch-Ingestion & ETL/ELT;DE;IONOS;2;IONOS bietet keine nativen Managed-ETL-Dienste, ermöglicht aber über die Big-Data-Plattform (Managed Hadoop/Spark-Cluster) grundlegende Batch-Verarbeitung. Partner wie b.telligent bieten auf IONOS-Infrastruktur Datenplattform-Lösungen an. Es fehlen vorgefertigte Enterprise-Konnektoren (SAP, Salesforce etc.) als Plattform-Feature. Batch-Ingestion über S3-kompatiblen Object Storage möglich, aber ETL-Tooling muss selbst bereitgestellt werden.;"https://cloud.ionos.de/loesungen/big-data; https://explore.iteratec.com/blog/eu-sovereign-cloud-teil-2-cloud-services-in-der-praxis-featureumfang-und-portierbarkeit; https://cloud.ionos.com/storage/object-storage"
Batch-Ingestion & ETL/ELT;DE;Open Telekom Cloud (OTC);3;OTC bietet den Cloud Data Migration Service (CDM) für Batch-Datentransfer zwischen verschiedenen Datenquellen mit vorgefertigten Konnektoren. MapReduce Service (MRS) ermöglicht Managed Hadoop/Spark für große Batch-Workloads. Data Lake Insight (DLI) bietet serverloses SQL für Batch-Analysen. Allerdings ist das Konnektoren-Ökosystem kleiner als bei Hyperscalern und es fehlt ein visueller ETL-Designer auf Hyperscaler-Niveau. Insgesamt eine solide Referenzarchitektur, aber kein Kernprodukt-Level.;"https://www.open-telekom-cloud.com/de/produkte-services; https://senacor.blog/verprobung-open-telekom-cloud-die-speerspitze-der-eu-cloudanbieter/"
Konnektoren-Ökosystem & Marketplace;USA;AWS;5;"AWS Glue bietet 100+ native Konnektoren (JDBC, SaaS, SAP, Salesforce, MongoDB, etc.) plus einen Glue Connector Marketplace mit 60+ Community-/Partner-Konnektoren. AWS IoT Core unterstützt MQTT nativ; IoT SiteWise und IoT Greengrass bieten OPC-UA-Support für industrielle Protokolle. AppFlow liefert 80+ No-Code-SaaS-Konnektoren. Custom Connectors über Glue Custom Connector API (Spark-basiert). Größtes Ökosystem aller Anbieter.";"https://aws.amazon.com/glue/; https://aws.amazon.com/blogs/big-data/part-1-integrate-apache-hudi-delta-lake-apache-iceberg-datasets-at-scale-aws-glue-studio-notebook/; https://aws.amazon.com/iot-sitewise/"
Konnektoren-Ökosystem & Marketplace;USA;Azure;5;"Azure Data Factory bietet 100+ native Konnektoren inkl. SAP ECC/BW, Salesforce, Oracle, Dynamics 365, OData, REST und On-Premises via Self-Hosted Integration Runtime. Azure IoT Hub unterstützt MQTT und AMQP nativ; Azure IoT Edge + OPC Publisher ermöglichen OPC-UA-Anbindung. Power Platform Connectors (1000+) erweitern das Ökosystem. Custom Connectors über ADF SDK und Logic Apps. Marketplace mit umfangreichen ISV-Integrationen.";"https://learn.microsoft.com/en-us/azure/data-factory/connector-overview; https://azure.microsoft.com/en-us/products/iot-hub/; https://learn.microsoft.com/en-us/azure/industrial-iot/overview-what-is-industrial-iot"
Konnektoren-Ökosystem & Marketplace;USA;Google Cloud;5;Cloud Data Fusion (CDAP-basiert) bietet 200+ vorgefertigte Konnektoren inkl. SAP, Salesforce, JDBC, Mainframe. BigQuery hat native Konnektoren über Federation (BigLake, Omni). Application Integration und Apigee ermöglichen API-basierte Anbindung. Pub/Sub unterstützt MQTT-Bridge. Für OPC-UA gibt es Partner-Lösungen (z.B. Litmus, Telit). CDAP Hub dient als Community-Connector-Marketplace. Custom Connectors über CDAP Plugin SDK.;"https://cloud.google.com/data-fusion; https://cloud.google.com/bigquery; https://cdap.io/"
Konnektoren-Ökosystem & Marketplace;DE;STACKIT;1;STACKIT verfügt über einen Marketplace (marketplace.stackit.cloud), der primär Infrastruktur-Add-ons (Datenbanken, Monitoring, Security) bietet, aber keine Datenkonnektoren zu Enterprise-Systemen (SAP, Salesforce, CRM, MES). Kein nativer ETL-Dienst bedeutet auch kein Konnektor-Ökosystem. Industrielle Protokolle (MQTT, OPC-UA) müssen vollständig selbst implementiert werden (z.B. via Mosquitto/Kepware auf VMs). Custom Connectors nur über Eigenentwicklung.;"https://marketplace.stackit.cloud/; https://www.stackit.de/en/cloud/products-services/"
Konnektoren-Ökosystem & Marketplace;DE;IONOS;2;IONOS bietet über die Big-Data-Plattform Apache NiFi (300+ Prozessoren/Konnektoren im Open-Source-Umfang) und Kafka Connect als Middleware. Allerdings sind dies generische Open-Source-Tools ohne IONOS-spezifische Enterprise-Konnektoren. Kein eigener Connector-Marketplace. Industrielle Protokolle nur über Self-Hosted-Lösungen. Partner wie b.telligent bieten individuelle Integrationen. Das Ökosystem ist funktional via Open Source nutzbar, aber nicht kuratiert oder als Plattform-Feature verpackt.;"https://cloud.ionos.de/loesungen/big-data; https://explore.iteratec.com/blog/eu-sovereign-cloud-teil-2-cloud-services-in-der-praxis-featureumfang-und-portierbarkeit"
Konnektoren-Ökosystem & Marketplace;DE;Open Telekom Cloud (OTC);2;"OTC bietet den Cloud Data Migration Service (CDM) mit Konnektoren für gängige Datenbanken, OBS und DWS, aber das Ökosystem ist auf Kernquellen beschränkt (keine SAP/Salesforce-nativen Konnektoren). Der OTC Marketplace bietet primär ISV-Software (Security, Backup), keine dedizierten Datenkonnektoren. DMS (Kafka) ermöglicht Kafka Connect, aber als Self-Managed. Für MQTT/OPC-UA kein nativer Support; industrielle Integration nur über Eigenimplementierung auf ECS.";"https://marketplace.otc.t-systems.com/; https://www.open-telekom-cloud.com/de/produkte-services; https://xomnia.com/post/navigating-the-european-cloud-landscape-open-telekom-cloud-stackit-and-ovhcloud-in-focus/"
Data-Lakehouse-Architektur;USA;AWS;5;AWS bietet nativen First-Party-Support für Apache Iceberg, Delta Lake und Apache Hudi über Glue, EMR, Athena und Redshift Spectrum. AWS Glue Data Catalog dient als zentraler Metastore mit Iceberg-Support. Lake Formation ermöglicht feingranulare Governance. S3 Tables (2024/25 eingeführt) bietet managed Iceberg-Tabellen. Schema-Evolution und Time-Travel sind über alle drei Formate nativ unterstützt. AWS hat sich als Iceberg-first positioniert.;"https://aws.amazon.com/blogs/big-data/part-1-getting-started-introducing-native-support-for-apache-hudi-delta-lake-and-apache-iceberg-on-aws-glue-for-apache-spark/; https://aws.amazon.com/s3/features/tables/; https://aws.amazon.com/lake-formation/"
Data-Lakehouse-Architektur;USA;Azure;5;Microsoft Fabric vereint OneLake (Delta-Lake-basiert) als einheitliche Lakehouse-Plattform. Delta Lake ist das native Format in Synapse Analytics, Fabric und Databricks on Azure. Iceberg-Support wurde 2024/25 in Fabric ergänzt (Iceberg-Shortcuts). Schema-Evolution und Time-Travel nativ über Delta Lake. OneLake bietet automatische Optimierung (V-Order, Z-Order). Stärkstes Delta-Lake-Ökosystem durch Databricks-Partnerschaft.;"https://learn.microsoft.com/en-us/fabric/; https://learn.microsoft.com/en-us/fabric/onelake/onelake-overview; https://delta.io/"
Data-Lakehouse-Architektur;USA;Google Cloud;4;BigQuery unterstützt seit 2023 Apache Iceberg über BigLake-Tabellen und erlaubt damit Interoperabilität mit offenen Formaten. Dataproc ermöglicht Spark-basierte Lakehouse-Workloads mit Delta Lake und Iceberg. JEDOCH: BigQuery unterstützt Apache Hudi nicht nativ, und Delta Lake ist nur über Dataproc (Managed Spark) nutzbar, nicht direkt in BigQuery. Im Vergleich zu AWS (S3 + Glue mit nativer Iceberg/Hudi/Delta-Unterstützung, plus EMR mit vollständiger Lakehouse-Integration) und Azure (OneLake in Microsoft Fabric mit nativem Delta Lake, plus Synapse mit Iceberg-Support) fehlt Google die Breite der Format-Unterstützung. BigQuery bleibt primär ein proprietäres System mit Iceberg als Brücke, während AWS/Azure tiefere native Open-Format-Integration bieten. Score 4 statt 5.;"https://cloud.google.com/bigquery; https://cloud.google.com/bigquery/docs/iceberg-tables; https://cloud.google.com/biglake"
Data-Lakehouse-Architektur;DE;STACKIT;1;STACKIT bietet keinen Managed-Lakehouse-Dienst und keine native Unterstützung für Delta Lake, Iceberg oder Hudi. Object Storage (S3-kompatibel) kann als Storage-Layer dienen, aber es gibt keinen Managed Spark/Trino/Presto-Dienst, der Lakehouse-Formate nativ verarbeitet. Schema-Evolution und Time-Travel müssten komplett selbst auf Kubernetes implementiert werden (z.B. Spark + Iceberg auf SKE). Kein Data Catalog vorhanden.;"https://docs.stackit.cloud/; https://www.stackit.de/en/cloud/products-services/; https://xomnia.com/post/navigating-the-european-cloud-landscape-open-telekom-cloud-stackit-and-ovhcloud-in-focus/"
Data-Lakehouse-Architektur;DE;IONOS;2;IONOS bietet über die Big-Data-Plattform Managed Hadoop/Spark, womit Iceberg/Delta/Hudi technisch auf IaaS-Ebene nutzbar sind. Allerdings gibt es keine native Lakehouse-Integration, keinen Managed Catalog und keine out-of-the-box Unterstützung für offene Tabellenformate. Der S3-kompatible Object Storage kann als Storage-Layer dienen. Schema-Evolution und Time-Travel nur über manuelles Spark-Setup. Kein dedizierter Lakehouse-Service.;"https://cloud.ionos.de/loesungen/big-data; https://explore.iteratec.com/blog/eu-sovereign-cloud-teil-2-cloud-services-in-der-praxis-featureumfang-und-portierbarkeit"
Data-Lakehouse-Architektur;DE;Open Telekom Cloud (OTC);2;OTC bietet den MapReduce Service (MRS) mit Managed Spark/Hadoop, worüber Iceberg/Delta/Hudi technisch nutzbar sind. Data Lake Insight (DLI) ermöglicht serverloses SQL über OBS-Daten. Allerdings gibt es keinen nativen Lakehouse-Service, keinen Iceberg/Delta-nativen Catalog und keine integrierte Schema-Evolution/Time-Travel-Funktionalität als Plattform-Feature. Die Architektur ist möglich aber erfordert erheblichen DIY-Aufwand. Kein vergleichbares Produkt zu BigLake, Fabric oder Lake Formation.;"https://www.open-telekom-cloud.com/de/produkte-services; https://senacor.blog/verprobung-open-telekom-cloud-die-speerspitze-der-eu-cloudanbieter/; https://explore.iteratec.com/blog/eu-sovereign-cloud-teil-2-cloud-services-in-der-praxis-featureumfang-und-portierbarkeit"
Datenformat-Flexibilität;USA;AWS;5;AWS S3 speichert beliebige Formate (strukturiert, semi-strukturiert, unstrukturiert) formatagnostisch. Athena und Redshift Spectrum unterstützen Schema-on-Read über Parquet, Avro, JSON, ORC, CSV nativ. Glue Data Catalog ermöglicht automatische Schema-Erkennung (Crawler). Glue ETL bietet Format-Konvertierung (z.B. JSON→Parquet). Amazon Rekognition (Bilder/Video), Transcribe (Audio) und Textract (Dokumente) verarbeiten unstrukturierte Daten nativ. Comprehend für NLP auf Textdaten. Umfassendstes Ökosystem für alle Datentypen.;"https://aws.amazon.com/s3/; https://aws.amazon.com/athena/; https://aws.amazon.com/glue/"
Datenformat-Flexibilität;USA;Azure;5;Azure Blob Storage speichert beliebige Datenformate. Azure Synapse Analytics und Fabric unterstützen Schema-on-Read für Parquet, Delta, JSON, CSV, Avro über Serverless SQL Pools. Azure Data Factory bietet automatische Schema-Erkennung und Format-Konvertierung. Cognitive Services (Computer Vision, Speech-to-Text, Language) verarbeiten unstrukturierte Daten. Azure AI Document Intelligence für Dokument-Extraktion. Purview für automatische Klassifizierung und Schema-Discovery.;"https://azure.microsoft.com/en-us/products/storage/blobs/; https://learn.microsoft.com/en-us/azure/synapse-analytics/; https://azure.microsoft.com/en-us/products/ai-services/"
Datenformat-Flexibilität;USA;Google Cloud;5;Google Cloud Storage speichert beliebige Datenformate. BigQuery unterstützt Schema-on-Read über externe Tabellen (JSON, Parquet, Avro, ORC, CSV) und hat native JSON-Spaltentypen. Dataflow (Beam) verarbeitet und konvertiert alle Formate. Vertex AI Vision, Speech-to-Text und Document AI verarbeiten unstrukturierte Daten nativ. BigQuery ML ermöglicht Inferenz direkt auf strukturierten Daten. Automatische Schema-Erkennung in Data Fusion und BigQuery.;"https://cloud.google.com/storage; https://cloud.google.com/bigquery; https://cloud.google.com/document-ai"
Datenformat-Flexibilität;DE;STACKIT;3;STACKIT Object Storage (S3-kompatibel) speichert beliebige Datenformate formatagnostisch – strukturiert, semi-strukturiert und unstrukturiert inkl. Bilder, Video, Logs. Es fehlen jedoch Managed-Analytics-Dienste für Schema-on-Read (kein Athena/Synapse-Äquivalent). Keine automatische Schema-Erkennung oder Format-Konvertierung als Plattform-Feature. Keine nativen KI-Dienste für unstrukturierte Datenverarbeitung (Bild/Audio/Video-Analyse). Storage-seitig flexibel, aber Verarbeitungsseite ist Eigenbau.;"https://docs.stackit.cloud/products/storage/object-storage/; https://www.stackit.de/en/product/object-storage/; https://innfactory.de/en/cloud/stackit/products/object-storage/"
Datenformat-Flexibilität;DE;IONOS;3;IONOS S3 Object Storage speichert beliebige Formate. Über die Big-Data-Plattform (Hadoop/Spark) ist Schema-on-Read für Parquet, JSON, Avro etc. möglich. Apache Druid ermöglicht semi-strukturierte Datenanalyse. Allerdings keine Managed-Serverless-Query-Engine (kein Athena-Äquivalent), keine automatische Schema-Erkennung als Plattform-Feature und keine nativen KI-Dienste für unstrukturierte Daten. Funktional über Open-Source-Stack nutzbar, aber ohne Plattform-Integration.;"https://cloud.ionos.de/loesungen/big-data; https://cloud.ionos.com/storage/object-storage"
Datenformat-Flexibilität;DE;Open Telekom Cloud (OTC);3;OTC Object Storage Service (OBS) speichert beliebige Datenformate. MapReduce Service (MRS) mit Spark ermöglicht Schema-on-Read über Parquet, JSON, ORC, CSV. Data Lake Insight (DLI) bietet serverloses SQL über OBS-Daten in verschiedenen Formaten. Allerdings fehlen native KI-Dienste für unstrukturierte Datenverarbeitung (Bild/Audio/Video), keine automatische Format-Konvertierung als Plattform-Feature und eingeschränkte Schema-Discovery. Solider Mittelweg zwischen IaaS und Managed Services.;"https://www.open-telekom-cloud.com/de/produkte-services/object-storage-service; https://www.open-telekom-cloud.com/de/produkte-services"
Storage-Tiering & Lifecycle-Management;USA;AWS;5;AWS S3 bietet 7 Storage-Klassen (Standard, Intelligent-Tiering, Standard-IA, One Zone-IA, Glacier Instant Retrieval, Glacier Flexible Retrieval, Glacier Deep Archive). S3 Intelligent-Tiering verschiebt Objekte automatisch zwischen Tiers basierend auf Zugriffsmustern – ohne Abrufgebühren oder Latenznachteile. Lifecycle Policies ermöglichen regelbasierte Übergänge und automatische Löschung. Industriestandard für Storage-Tiering mit dem breitesten Tier-Spektrum aller Anbieter.;"https://aws.amazon.com/s3/storage-classes/; https://docs.aws.amazon.com/AmazonS3/latest/userguide/lifecycle-transition-general-considerations.html; https://aws.amazon.com/s3/storage-classes/intelligent-tiering/"
Storage-Tiering & Lifecycle-Management;USA;Azure;5;Azure Blob Storage bietet Hot, Cool, Cold und Archive Tiers. Lifecycle Management Policies automatisieren Tier-Übergänge regelbasiert (nach Alter, letztem Zugriff). Azure Smart Tiering (vergleichbar mit S3 Intelligent-Tiering) wurde ergänzt. Blob-Level-Tiering ermöglicht individuelle Tier-Zuweisung pro Objekt. Archive Tier bietet kostengünstigste Langzeitarchivierung. Vollständig integriert mit Azure Storage Explorer und Policies.;"https://learn.microsoft.com/en-us/azure/storage/blobs/access-tiers-overview; https://learn.microsoft.com/en-us/azure/storage/blobs/lifecycle-management-overview; https://azure.microsoft.com/en-us/products/storage/blobs/"
Storage-Tiering & Lifecycle-Management;USA;Google Cloud;5;Google Cloud Storage bietet Standard, Nearline, Coldline und Archive Klassen. Object Lifecycle Management Rules automatisieren Übergänge basierend auf Alter, Erstellungsdatum und Bedingungen. Autoclass (automatisches Tiering) verschiebt Objekte automatisch zwischen Klassen basierend auf Zugriffsmustern – vergleichbar mit S3 Intelligent-Tiering. Einheitliche API über alle Klassen hinweg. Kein Abruf-Latenz-Unterschied zwischen Standard/Nearline (nur Preisunterschiede).;"https://cloud.google.com/storage/docs/storage-classes; https://cloud.google.com/storage/docs/lifecycle; https://cloud.google.com/storage/docs/autoclass"
Storage-Tiering & Lifecycle-Management;DE;STACKIT;2;STACKIT Object Storage ist S3-kompatibel, bietet jedoch keine dokumentierten Storage-Klassen oder automatisches Tiering. Es gibt eine einheitliche Storage-Klasse ohne Hot/Warm/Cold-Differenzierung. Lifecycle-Regeln zur automatischen Löschung (Expiration) sind über die S3-API möglich, aber kein automatischer Tier-Übergang. Keine Archiv-Klasse verfügbar. Für Kostenoptimierung durch Tiering ist ein Wechsel zu einem anderen Anbieter oder manuelle Datenmigration nötig.;"https://docs.stackit.cloud/products/storage/object-storage/; https://explore.iteratec.com/blog/eu-sovereign-cloud-teil-2-cloud-services-in-der-praxis-featureumfang-und-portierbarkeit"
Storage-Tiering & Lifecycle-Management;DE;IONOS;2;IONOS S3 Object Storage bietet grundlegendes Lifecycle-Management über die S3-API (Expiration Rules). Allerdings sind keine differenzierten Storage-Klassen (Hot/Cold/Archive) dokumentiert. Es existiert ein einheitlicher Preis pro GB ohne automatisches Tiering. Für Archivierung wird IONOS Backup/Archive als separater Dienst angeboten, aber nicht als integriertes Storage-Tiering innerhalb von Object Storage. Manueller Prozess für Kostenstufung erforderlich.;"https://cloud.ionos.com/storage/object-storage; https://explore.iteratec.com/blog/eu-sovereign-cloud-teil-2-cloud-services-in-der-praxis-featureumfang-und-portierbarkeit"
Storage-Tiering & Lifecycle-Management;DE;Open Telekom Cloud (OTC);4;OTC Object Storage Service (OBS) bietet drei Storage-Klassen: Standard, Warm (Infrequent Access) und Cold. Lifecycle-Regeln ermöglichen automatische Übergänge zwischen diesen Klassen basierend auf Alter und regelbasierten Policies. WORM-Modell für Compliance verfügbar. Versioning und Access Logging integriert. OTC ist der einzige deutsche Anbieter mit einem echten mehrstufigen Tiering-Modell inkl. automatischer Transition. Allerdings fehlt eine Archive/Deep-Archive-Klasse und automatisches ML-basiertes Tiering (wie S3 Intelligent-Tiering).;"https://www.open-telekom-cloud.com/de/produkte-services/object-storage-service; https://docs.otc.t-systems.com/object-storage-service/; https://www.open-telekom-cloud.com/en/blog/product-news/storage-guide-telekomcloud"
Skalierbarkeit (Compute & Storage);USA;AWS;5;AWS bietet vollständige Trennung von Compute und Storage (S3 + Athena/Redshift Serverless/EMR Serverless). Lambda für Serverless-Compute skaliert auf Tausende parallele Ausführungen. EC2 Auto Scaling Groups, EKS mit Karpenter und Fargate (Serverless Container) ermöglichen elastische Compute-Skalierung. S3 skaliert praktisch unbegrenzt. Redshift Serverless und Athena skalieren Compute on-demand ohne Cluster-Management. EMR Serverless für Spark/Hive on-demand. Best-in-class Elastizität.;"https://aws.amazon.com/lambda/; https://aws.amazon.com/redshift/redshift-serverless/; https://aws.amazon.com/emr/serverless/"
Skalierbarkeit (Compute & Storage);USA;Azure;5;Azure bietet Compute-Storage-Trennung in Synapse Serverless, Fabric und Azure SQL Serverless. Azure Functions skaliert serverless. AKS mit KEDA und Virtual Nodes (ACI) für Container-Autoscaling. VM Scale Sets für elastische IaaS-Skalierung. Blob Storage skaliert praktisch unbegrenzt. Microsoft Fabric bietet On-Demand-Compute mit Capacity Units. Azure Cosmos DB bietet elastische RU-Skalierung. Umfassendes Serverless-Portfolio über alle Schichten.;"https://azure.microsoft.com/en-us/products/functions/; https://learn.microsoft.com/en-us/azure/synapse-analytics/; https://learn.microsoft.com/en-us/fabric/"
Skalierbarkeit (Compute & Storage);USA;Google Cloud;5;Google Cloud bietet native Compute-Storage-Trennung in BigQuery (Serverless, automatische Slot-Skalierung), Dataflow (autoscaling Beam-Pipelines) und Dataproc Serverless. Cloud Functions und Cloud Run bieten Serverless-Compute. GKE Autopilot skaliert Kubernetes vollautomatisch. Cloud Storage skaliert unbegrenzt. BigQuery Editions ermöglichen Autoscaling-Slots. Spanner bietet horizontal skalierende SQL-Datenbank. Besonders stark bei analytischen Workloads durch BigQuery-Architektur.;"https://cloud.google.com/bigquery; https://cloud.google.com/run; https://cloud.google.com/dataproc-serverless/docs"
Skalierbarkeit (Compute & Storage);DE;STACKIT;2;STACKIT bietet VMs mit manueller Skalierung und Kubernetes (SKE) mit Cluster-Autoscaler für Container-Workloads. Object Storage skaliert elastisch. Allerdings fehlen Serverless-Compute-Dienste vollständig (keine Functions, kein Serverless Container). Keine Compute-Storage-Trennung auf Plattform-Ebene (kein Serverless-Query-Engine). Auto Scaling beschränkt sich auf Kubernetes-Pods und VM-basierte Ansätze. Keine On-Demand-Cluster für Analytics.;"https://docs.stackit.cloud/; https://explore.iteratec.com/blog/eu-sovereign-cloud-teil-2-cloud-services-in-der-praxis-featureumfang-und-portierbarkeit; https://xomnia.com/post/navigating-the-european-cloud-landscape-open-telekom-cloud-stackit-and-ovhcloud-in-focus/"
Skalierbarkeit (Compute & Storage);DE;IONOS;2;IONOS bietet Managed Kubernetes mit Autoscaling sowie VMs mit horizontaler/vertikaler Skalierung. Object Storage skaliert elastisch. Allerdings fehlen Serverless-Compute-Dienste (keine Functions-as-a-Service). Keine Compute-Storage-Trennung auf Plattform-Ebene. Big-Data-Cluster (Hadoop/Spark) müssen vorab provisioniert werden – kein On-Demand/Serverless-Modell. Elastizität auf IaaS-Level vorhanden, aber keine PaaS/Serverless-Elastizität.;"https://cloud.ionos.com/managed/kubernetes; https://explore.iteratec.com/blog/eu-sovereign-cloud-teil-2-cloud-services-in-der-praxis-featureumfang-und-portierbarkeit"
Skalierbarkeit (Compute & Storage);DE;Open Telekom Cloud (OTC);3;OTC bietet Auto Scaling Groups für VMs, Cloud Container Engine (CCE) mit Autoscaling und FunctionGraph als einziger deutscher Anbieter mit nativem Serverless-Compute (Functions-as-a-Service). OBS skaliert elastisch. Data Lake Insight (DLI) bietet serverloses SQL als Compute-Storage-Trennung. MapReduce Service (MRS) erfordert vorab provisionierte Cluster (kein Serverless Spark). FunctionGraph hebt OTC klar von STACKIT und IONOS ab, erreicht aber nicht das Serverless-Ökosystem der Hyperscaler.;"https://www.open-telekom-cloud.com/de/produkte-services; https://explore.iteratec.com/blog/eu-sovereign-cloud-teil-2-cloud-services-in-der-praxis-featureumfang-und-portierbarkeit; https://www.open-telekom-cloud.com/en/blog/benefits/it-award-gold-2025"
Stream-Processing & Complex Event Processing;USA;AWS;5;AWS bietet Amazon Managed Service for Apache Flink (ehem. Kinesis Data Analytics) als vollständig verwalteten Flink-Dienst mit Stateful Processing, Windowing, Event-Time-Semantik und CEP-Bibliothek. EMR unterstützt Flink und Spark Structured Streaming auf managed Clustern. Kinesis Data Streams als Quelle, MSK (Kafka) als Alternative. EventBridge Pipes für einfache Event-Transformation. AWS Step Functions für Event-orchestrierte Workflows. Best-in-class durch nativen Managed Flink.;"https://aws.amazon.com/managed-service-apache-flink/; https://aws.amazon.com/emr/; https://docs.aws.amazon.com/managed-flink/latest/java/what-is.html"
Stream-Processing & Complex Event Processing;USA;Azure;5;Azure Stream Analytics bietet eine serverlose Stream-Processing-Engine mit SQL-basiertem Windowing (Tumbling, Hopping, Sliding, Session), Temporal Joins und Pattern-Matching. Azure HDInsight und Databricks on Azure bieten Managed Flink und Spark Structured Streaming. Event Hubs als nativer Streaming-Backbone. Azure Functions mit Event-Hub-Trigger für leichtgewichtiges CEP. Fabric Real-Time Intelligence (ehem. Real-Time Analytics) bietet Echtzeit-Dashboards mit KQL. Breites Ökosystem.;"https://learn.microsoft.com/en-us/azure/stream-analytics/; https://azure.microsoft.com/en-us/products/hdinsight/"
Stream-Processing & Complex Event Processing;USA;Google Cloud;5;Google Cloud Dataflow (Apache Beam) bietet einheitliches Stream- und Batch-Processing mit nativem Windowing (Fixed, Sliding, Session, Global), Watermarks, Triggers und Stateful Processing. Dataflow ist vollständig serverless mit Autoscaling. Dataproc bietet Managed Flink und Spark Structured Streaming. Pub/Sub als nativer Event-Backbone. Beam-Modell ist industriestandard-setzend für Stream-Processing-Semantik. Besonders stark bei Exactly-Once-Garantien.;"https://cloud.google.com/dataflow; https://beam.apache.org/; https://cloud.google.com/dataproc"
Stream-Processing & Complex Event Processing;DE;STACKIT;2;STACKIT bietet keinen Managed-Stream-Processing-Dienst (kein Managed Flink, kein Stream Analytics). Allerdings ermöglicht die STACKIT Kubernetes Engine (SKE) das Deployment von Apache Flink, Kafka Streams oder Spark Structured Streaming als Container-Workloads. Im Vergleich zu IONOS (Score 2), das ebenfalls Self-Hosting erfordert aber eine Big-Data-Plattform mit Spark-Integration hat, ist STACKIT auf vergleichbarem Niveau – beide brauchen Eigenbau, STACKIT hat jedoch eine modernere K8s-Plattform (Gardener-basiert). Score 2 statt 1 für Konsistenz.;"https://docs.stackit.cloud/; https://www.stackit.de/en/cloud/products-services/; https://explore.iteratec.com/blog/eu-sovereign-cloud-teil-2-cloud-services-in-der-praxis-featureumfang-und-portierbarkeit"
Stream-Processing & Complex Event Processing;DE;IONOS;2;IONOS bietet über die Big-Data-Plattform Apache Kafka (Streaming) und Apache Druid (Echtzeit-Analyse) als verwaltete Komponenten. Spark Streaming ist über die Managed-Hadoop-Plattform technisch möglich. Allerdings gibt es kein Managed Flink, keine native CEP-Engine und kein serverloses Stream-Processing. Windowing und Stateful Processing nur über selbst konfiguriertes Spark/Kafka Streams. Grundlegende Fähigkeit über Open-Source-Stack, aber nicht als integriertes Produkt.;"https://cloud.ionos.de/loesungen/big-data; https://explore.iteratec.com/blog/eu-sovereign-cloud-teil-2-cloud-services-in-der-praxis-featureumfang-und-portierbarkeit"
Stream-Processing & Complex Event Processing;DE;Open Telekom Cloud (OTC);3;OTC bietet den MapReduce Service (MRS) mit Managed Flink und Spark als Cluster-Komponenten für Stream-Processing. DMS (Managed Kafka) dient als Event-Backbone. Data Ingestion Service (DIS) ermöglicht Echtzeit-Streaming in OBS/DLI. MRS Flink unterstützt Windowing und Stateful Processing. Allerdings ist Flink auf MRS nicht serverless (vorab provisionierter Cluster), und es fehlt eine native CEP-Bibliothek als Plattform-Feature. Solide Referenzarchitektur, aber nicht Kernprodukt-Level.;"https://www.open-telekom-cloud.com/de/produkte-services; https://docs.otc.t-systems.com/mapreduce-service/; https://senacor.blog/verprobung-open-telekom-cloud-die-speerspitze-der-eu-cloudanbieter/"
Analytische Query-Engine;USA;AWS;5;Amazon Redshift ist eine MPP-Columnar-Architektur mit automatischer Query-Optimierung (Adaptive Query Execution, Predicate Pushdown, Automatic Table Optimization). Materialisierte Views mit Auto-Refresh, Result Caching und Concurrency Scaling (automatische Skalierung bei Peak-Load). Redshift Serverless ermöglicht nutzungsbasierte Abrechnung. Voller SQL-Standard mit Window Functions, Geospatial (GEOMETRY/GEOGRAPHY), HyperLogLog (Approximate Queries), SUPER-Typ für semi-strukturierte Daten. Athena (Presto/Trino) ergänzt als serverlose Query-Engine für S3. Redshift Spectrum für federated Queries über S3.;"https://aws.amazon.com/redshift/; https://docs.aws.amazon.com/redshift/latest/dg/c_challenges_achieving_high_performance_queries.html; https://aws.amazon.com/redshift/redshift-serverless/"
Analytische Query-Engine;USA;Azure;5;Azure Synapse Analytics bietet eine MPP-Engine (Dedicated SQL Pools) mit Predicate Pushdown, Adaptive Query Processing und materialisierter Views. Serverless SQL Pools für On-Demand-Queries über Data Lake. Result Set Caching und Workload Management (Concurrency). Microsoft Fabric bringt DirectLake-Mode für Echtzeit-BI ohne Import. Voller T-SQL-Standard mit Window Functions, Geospatial (STGeometry) und Approximate Count Distinct. Synapse Link ermöglicht HTAP-Szenarien. Azure SQL Analytics + Log Analytics für Monitoring.;"https://learn.microsoft.com/en-us/azure/synapse-analytics/sql-data-warehouse/sql-data-warehouse-overview-what-is; https://learn.microsoft.com/en-us/fabric/; https://learn.microsoft.com/en-us/azure/synapse-analytics/"
Analytische Query-Engine;USA;Google Cloud;5;BigQuery ist eine vollständig serverlose MPP-Engine mit Dremel-Architektur (Columnar, verteilte Ausführung). Automatische Query-Optimierung mit Slot-basierter Skalierung. Materialisierte Views mit Smart-Tuning und automatischem Rewrite. BI Engine als In-Memory-Accelerator für Sub-Sekunden-Caching. Concurrency wird über Slot-Reservierungen und Autoscaling Editions gesteuert. Voller GoogleSQL-Standard mit Window Functions, Geospatial (BigQuery GIS mit ST_-Funktionen), APPROX_-Funktionen (HLL, Quantiles), ML-Integration (BQML). Best-in-class für serverlose analytische Workloads.;"https://cloud.google.com/bigquery; https://cloud.google.com/bigquery/docs/materialized-views-intro; https://cloud.google.com/bigquery/docs/bi-engine-intro"
Analytische Query-Engine;DE;STACKIT;2;STACKIT bietet keine native analytische Query-Engine (kein Äquivalent zu BigQuery, Athena oder Synapse). Allerdings kann auf der STACKIT Kubernetes Engine (SKE) Trino, Presto oder ClickHouse self-hosted werden. Managed PostgreSQL ist verfügbar, eignet sich aber nur begrenzt für analytische Workloads. Im Vergleich zu IONOS (Score 2), das ähnlich keinen nativen Analytics-Dienst hat, aber eine Big-Data-Plattform mit Hive/Spark SQL bietet, ist STACKIT auf vergleichbarem Niveau: beide erfordern erheblichen Eigenbau. OTC (Score 3) liegt korrekt darüber dank Data Lake Insight (DLI) als serverloser SQL-Engine. Score 2 statt 1 für Konsistenz mit IONOS.;"https://docs.stackit.cloud/; https://www.stackit.de/en/cloud/products-services/; https://explore.iteratec.com/blog/eu-sovereign-cloud-teil-2-cloud-services-in-der-praxis-featureumfang-und-portierbarkeit"
Analytische Query-Engine;DE;IONOS;2;IONOS bietet über die Big-Data-Plattform Apache Druid für Echtzeit-OLAP-Queries und Spark SQL über Managed Hadoop. Druid bietet Columnar Storage, Approximate Queries (HyperLogLog, Theta Sketches) und Sub-Sekunden-Latenz für Aggregationen. Allerdings kein vollwertiges MPP-Data-Warehouse (kein Redshift/Synapse/BigQuery-Äquivalent), keine materialisierte Views auf Plattform-Ebene, kein serverloses Query-Modell. Window Functions über Spark SQL möglich. Grundlegende analytische Fähigkeit über Open-Source-Stack.;"https://cloud.ionos.de/loesungen/big-data; https://druid.apache.org/"
Analytische Query-Engine;DE;Open Telekom Cloud (OTC);3;OTC bietet den Data Warehouse Service (DWS) basierend auf GaussDB(DWS), einer MPP-Columnar-Engine mit SQL-Kompatibilität (PostgreSQL-Dialekt). DWS unterstützt materialisierte Views, Predicate Pushdown, Hash/Merge Joins und Window Functions. Data Lake Insight (DLI) bietet serverloses SQL über OBS-Daten. Allerdings fehlen Advanced Features wie Approximate Queries, Geospatial-Funktionen auf Hyperscaler-Niveau, automatische Query-Optimierung (AQE) und Concurrency Scaling. DWS erfordert vorab provisionierte Cluster. Solides Produkt, aber unter Hyperscaler-Niveau.;"https://www.open-telekom-cloud.com/de/produkte-services/core-services/data-warehouse-service; https://docs.otc.t-systems.com/data-warehouse-service/; https://senacor.blog/verprobung-open-telekom-cloud-die-speerspitze-der-eu-cloudanbieter/"
BI- & Visualisierungs-Integration;USA;AWS;5;Amazon QuickSight ist ein nativer, serverloser BI-Dienst mit SPICE-Engine (In-Memory), ML-gestützten Insights (Anomalieerkennung, Forecasting) und Embedded Analytics. Native Konnektoren zu Redshift, Athena, S3, RDS. ODBC/JDBC-Treiber für Tableau, Looker, Power BI. QuickSight Q ermöglicht Natural-Language-Queries. Grafana ist als Amazon Managed Grafana verfügbar. Self-Service-Analytics über QuickSight Reader-Lizenzen. Umfassendstes natives BI-Ökosystem.;"https://aws.amazon.com/quicksight/; https://aws.amazon.com/grafana/; https://docs.aws.amazon.com/redshift/latest/mgmt/configure-odbc-connection.html"
BI- & Visualisierungs-Integration;USA;Azure;5;Power BI ist marktführend im BI-Bereich (Gartner Leader) und nativ in Azure und Microsoft 365 integriert. DirectQuery und DirectLake (Fabric) ermöglichen Live-Verbindungen zu Synapse, SQL und Data Lake. Embedded Analytics über Power BI Embedded. Self-Service-Analytics für Fachanwender über Power BI Desktop/Service. Native Konnektoren zu Tableau, Looker über ODBC/JDBC. Azure Managed Grafana verfügbar. Copilot in Power BI für NL-Queries. Stärkstes Self-Service-BI-Ökosystem durch Microsoft-365-Integration.;"https://powerbi.microsoft.com/; https://learn.microsoft.com/en-us/power-bi/; https://azure.microsoft.com/en-us/products/managed-grafana/"
BI- & Visualisierungs-Integration;USA;Google Cloud;4;Looker (vollständig in GCP integriert) bietet starke semantische Modellierung (LookML) und eingebettete Analytics. Looker Studio (ehem. Data Studio) ist kostenlos für Self-Service-Dashboards. BigQuery BI Engine ermöglicht Sub-Sekunden-Abfragen für Dashboards. JEDOCH: Looker hat eine deutlich geringere Marktdurchdringung als Power BI (Azure) oder die breite Tableau/QuickSight-Integration bei AWS. Das LookML-Paradigma erfordert eine steilere Lernkurve. Im Vergleich zu Azure (Power BI als de-facto Enterprise-BI-Standard mit 300M+ Nutzern, nahtlose Fabric-Integration) und AWS (QuickSight + native Tableau/Power BI-Anbindung) ist das GCP-BI-Ökosystem weniger breit aufgestellt. Score 4 statt 5.;"https://cloud.google.com/looker; https://cloud.google.com/bigquery/docs/bi-engine-intro; https://lookerstudio.google.com/"
BI- & Visualisierungs-Integration;DE;STACKIT;2;STACKIT bietet keinen nativen BI-Dienst. Allerdings ermöglicht die STACKIT Kubernetes Engine (SKE) das Deployment von Open-Source-BI-Tools wie Apache Superset, Grafana oder Metabase. PostgreSQL und Redis sind als Managed Services verfügbar und können als Backend für BI-Tools dienen. Im Vergleich zu IONOS (Score 2), das ebenfalls keinen nativen BI-Dienst hat aber eine Big-Data-Plattform mit Hadoop/Hive als potenzielle Datenquelle bietet, ist STACKIT auf vergleichbarem Niveau: beide erfordern Self-Hosting, aber die Grundinfrastruktur ist vorhanden. Score 2 statt 1, konsistent mit der IONOS-Bewertung.;"https://docs.stackit.cloud/; https://www.stackit.de/en/cloud/products-services/"
BI- & Visualisierungs-Integration;DE;IONOS;2;IONOS bietet kein natives BI-Tool, aber über die Big-Data-Plattform ist Apache Superset als Open-Source-BI-Frontend verfügbar. Grafana kann auf IONOS-Infrastruktur self-hosted betrieben werden. JDBC/ODBC-Zugriff auf Druid und Spark SQL ermöglicht grundlegende Anbindung externer BI-Tools (Tableau, Looker). Kein Self-Service-Analytics-Feature für Fachanwender. Kein Managed Grafana. Funktional möglich über Open-Source-Stack, aber kein Plattform-Produkt.;"https://cloud.ionos.de/loesungen/big-data; https://superset.apache.org/"
BI- & Visualisierungs-Integration;DE;Open Telekom Cloud (OTC);2;OTC bietet keinen nativen BI-Dienst, aber der Data Warehouse Service (DWS) stellt JDBC/ODBC-Endpunkte bereit, über die Tableau, Power BI und Looker angebunden werden können. Data Lake Insight (DLI) bietet SQL-Endpunkte. Grafana muss selbst betrieben werden (kein Managed Grafana). Cloud Eye bietet Infrastruktur-Monitoring-Dashboards, aber kein BI-Tool. Kein Self-Service-Analytics für Fachanwender als Plattform-Feature. Grundlegende Anbindungsmöglichkeit über DWS-Endpunkte, aber kein integriertes BI-Erlebnis.;"https://www.open-telekom-cloud.com/de/produkte-services/core-services/data-warehouse-service; https://docs.otc.t-systems.com/data-warehouse-service/"
Ad-hoc-Exploration & Notebooks;USA;AWS;5;Amazon SageMaker Studio bietet eine vollständig verwaltete IDE mit JupyterLab-Notebooks, integriertem Terminal, Git-Integration und direktem Zugriff auf S3, Redshift, Athena. SageMaker Studio Lab (kostenlos) für Einstieg. EMR Studio bietet Managed Jupyter/Zeppelin für Spark-Workloads. Glue Studio Notebooks für serverlose Spark-Exploration. Athena Notebooks (Jupyter-basiert) für SQL-Exploration. Multi-Kernel-Support (Python, R, Scala, PySpark). Umfassendstes Notebook-Ökosystem aller Anbieter.;"https://aws.amazon.com/sagemaker/studio/; https://aws.amazon.com/emr/features/studio/; https://docs.aws.amazon.com/athena/latest/ug/notebooks-spark.html"
Ad-hoc-Exploration & Notebooks;USA;Azure;5;Azure Machine Learning Studio bietet Managed Jupyter Notebooks mit Compute Instances (GPU/CPU), integriertem Terminal und VS Code-Remote-Anbindung. Synapse Studio integriert Notebooks (PySpark, Scala, SQL, C#) direkt in die Analytics-Plattform. Microsoft Fabric Notebooks bieten One-Click-Spark-Exploration mit Lakehouse-Integration. Databricks on Azure als Premium-Option. Azure Notebooks unterstützen Co-Authoring in Echtzeit. Besonders stark durch Fabric-Synapse-ML-Integration.;"https://learn.microsoft.com/en-us/azure/machine-learning/; https://learn.microsoft.com/en-us/azure/synapse-analytics/spark/apache-spark-notebook-concept; https://learn.microsoft.com/en-us/fabric/"
Ad-hoc-Exploration & Notebooks;USA;Google Cloud;5;Vertex AI Workbench bietet Managed JupyterLab-Notebooks mit nahtloser BigQuery-, GCS- und Dataproc-Integration. Colab Enterprise (managed Google Colab in GCP) bietet kollaborative Notebooks mit GPU/TPU-Zugang und VPC-Integration. Dataproc Jupyter-Integration für Spark-Notebooks. BigQuery Notebooks ermöglichen SQL+Python-Exploration direkt in der BigQuery-Konsole. Besonders stark durch Colab-Ökosystem und BigQuery-Python-Integration.;"https://cloud.google.com/vertex-ai/docs/workbench/; https://cloud.google.com/colab/docs; https://cloud.google.com/bigquery/docs/notebooks-introduction"
Ad-hoc-Exploration & Notebooks;DE;STACKIT;2;STACKIT bietet keinen nativen Managed-Notebook-Dienst. Jedoch können JupyterHub/JupyterLab auf der STACKIT Kubernetes Engine (SKE) oder auf VMs self-hosted betrieben werden. STACKIT AI Model Serving (für LLM-Inferenz) ist verfügbar, aber keine integrierte Notebook-Umgebung für Datenexploration. Kein Äquivalent zu SageMaker Studio, Vertex Workbench oder Synapse Notebooks. Grundsätzlich möglich über Eigenbau, aber kein Plattform-Feature.;"https://docs.stackit.cloud/; https://www.stackit.de/en/cloud/products-services/; https://marketplace.stackit.cloud/"
Ad-hoc-Exploration & Notebooks;DE;IONOS;2;IONOS bietet über die Big-Data-Plattform Apache Zeppelin als integrierte Notebook-Umgebung für Spark-Exploration. Jupyter kann auf Managed Kubernetes oder VMs self-hosted werden. Allerdings ist Zeppelin nur als Teil des Hadoop/Spark-Clusters verfügbar (nicht standalone serverless), und es fehlt eine dedizierte Data-Science-IDE mit Git-Integration, Experiment-Tracking oder Multi-Kernel-Support auf Plattform-Niveau. Grundlegende Fähigkeit vorhanden.;"https://cloud.ionos.de/loesungen/big-data; https://explore.iteratec.com/blog/eu-sovereign-cloud-teil-2-cloud-services-in-der-praxis-featureumfang-und-portierbarkeit"
Ad-hoc-Exploration & Notebooks;DE;Open Telekom Cloud (OTC);3;OTC bietet über den MapReduce Service (MRS) integrierte Zeppelin-Notebooks für Spark-Exploration. Data Lake Insight (DLI) ermöglicht SQL-basierte Ad-hoc-Exploration über eine Web-Konsole. ModelArts bietet integrierte JupyterLab-Notebooks (DevEnviron) mit GPU-Support für ML-Exploration, direktem OBS-Zugriff und vorinstallierten ML-Frameworks (TensorFlow, PyTorch). ModelArts-Notebooks kommen dem Hyperscaler-Niveau am nächsten unter den DE-Anbietern, sind aber im Funktionsumfang (Git-Integration, Extensions, Kollaboration) eingeschränkt.;"https://docs.otc.t-systems.com/modelarts/; https://www.open-telekom-cloud.com/de/produkte-services; https://docs.otc.t-systems.com/mapreduce-service/"
ML-Plattform & AutoML;USA;AWS;5;Amazon SageMaker ist eine End-to-End-ML-Plattform mit SageMaker Autopilot (AutoML für Tabellendaten mit automatischer Modellauswahl, Feature-Engineering und Hyperparameter-Tuning). SageMaker Training unterstützt verteiltes Training (Horovod, PyTorch DDP, DeepSpeed) auf GPU-Clustern. SageMaker Experiments für Experiment-Tracking, Model Registry für Versionierung, Pipelines für MLOps. SageMaker JumpStart bietet 400+ vortrainierte Foundation Models. SageMaker Canvas für No-Code-ML. Industriestandard.;"https://aws.amazon.com/sagemaker/; https://aws.amazon.com/sagemaker/autopilot/; https://aws.amazon.com/sagemaker/jumpstart/"
ML-Plattform & AutoML;USA;Azure;5;Azure Machine Learning bietet eine umfassende ML-Plattform mit Automated ML (AutoML für Classification, Regression, Time-Series Forecasting, Computer Vision und NLP). Verteiltes Training über AML Compute Clusters (Horovod, DeepSpeed, ONNX Runtime Training). MLflow-native Integration für Experiment-Tracking. Model Registry, Responsible AI Dashboard und Managed Endpoints für Deployment. Azure OpenAI Service für Foundation Models. Azure AI Studio als unified AI-Plattform. Stärkstes Enterprise-ML-Ökosystem durch Microsoft-Integration.;"https://azure.microsoft.com/en-us/products/machine-learning/; https://learn.microsoft.com/en-us/azure/machine-learning/concept-automated-ml; https://azure.microsoft.com/en-us/products/ai-studio/"
ML-Plattform & AutoML;USA;Google Cloud;5;Vertex AI ist Googles unified ML-Plattform mit AutoML für Tabellendaten, Bilder, Video, Text und Translation – breiteste AutoML-Abdeckung aller Anbieter. Vertex AI Training unterstützt verteiltes Training auf GPUs und TPUs (exklusiv bei GCP). Vertex AI Pipelines (Kubeflow-basiert) für MLOps. Model Registry, Experiments, Feature Store und Model Monitoring integriert. BigQuery ML ermöglicht ML direkt in SQL. Gemini und PaLM über Model Garden. TPU-Zugang als Differentiator für Large-Scale-Training.;"https://cloud.google.com/vertex-ai; https://cloud.google.com/vertex-ai/docs/beginner/beginners-guide; https://cloud.google.com/bigquery/docs/bqml-introduction"
ML-Plattform & AutoML;DE;STACKIT;2;STACKIT bietet keinen vollständigen ML-Plattform-Dienst. Seit 2024/25 gibt es STACKIT AI Model Serving für LLM-Inferenz (z.B. GPT-OSS 20B, Llama-basierte Modelle) als Managed Service. Allerdings fehlen AutoML, Experiment-Tracking, verteiltes Training, Feature Store und MLOps-Pipelines als Plattform-Features. Training von Custom Models muss auf VMs oder Kubernetes selbst aufgesetzt werden. LLM-Inferenz ist ein starker Einzeldienst, aber keine umfassende ML-Plattform.;"https://docs.stackit.cloud/; https://www.stackit.de/en/product/stackit-ai-model-serving/; https://marketplace.stackit.cloud/"
ML-Plattform & AutoML;DE;IONOS;1;IONOS bietet keine Managed-ML-Plattform und kein AutoML. Es gibt keinen äquivalenten Dienst zu SageMaker, Azure ML oder Vertex AI. ML-Workloads müssen vollständig auf IaaS (VMs mit GPUs, Managed Kubernetes) selbst aufgesetzt werden. Kein Experiment-Tracking, kein Model Registry, keine MLOps-Pipeline als Plattform-Feature. GPU-VMs sind verfügbar, aber ohne ML-spezifische Managed Services. Komplett Eigenbau erforderlich.;"https://cloud.ionos.com/compute/gpu; https://explore.iteratec.com/blog/eu-sovereign-cloud-teil-2-cloud-services-in-der-praxis-featureumfang-und-portierbarkeit"
ML-Plattform & AutoML;DE;Open Telekom Cloud (OTC);3;OTC bietet ModelArts als umfassendste ML-Plattform unter den DE-Anbietern: AutoML (ExeML) für Bild-Klassifizierung, Objekterkennung und Textklassifizierung. ModelArts Training unterstützt verteiltes Training auf GPUs mit vorinstallierten Frameworks (TensorFlow, PyTorch, MindSpore). Model Management für Versionierung und Deployment (Online/Batch). Allerdings ist AutoML auf wenige Aufgabentypen beschränkt (kein tabellarisches AutoML auf Vertex-AI-Niveau), und das Ökosystem (Feature Store, Experiment-Tracking) ist weniger ausgereift als bei Hyperscalern.;"https://docs.otc.t-systems.com/modelarts/; https://www.open-telekom-cloud.com/de/produkte-services; https://senacor.blog/verprobung-open-telekom-cloud-die-speerspitze-der-eu-cloudanbieter/"
MLOps, Modell-Lifecycle & Reproduzierbarkeit;USA;AWS;5;SageMaker bietet eine vollständige MLOps-Suite: Model Registry mit Approval Workflows, SageMaker Pipelines (CI/CD für ML), SageMaker Experiments für Experiment-Tracking mit automatischer Protokollierung von Hyperparametern/Metriken/Artefakten, SageMaker Model Monitor für Data-/Model-Drift-Erkennung mit automatischen Alerts und Retraining-Triggern. A/B-Testing und Canary Deployments über SageMaker Inference Endpoints (Production Variants mit Traffic-Splitting). Shadow Testing für risikoloses Deployment. Environment-Reproduzierbarkeit über SageMaker Processing/Training Containers (Docker-Images versioniert in ECR). SageMaker Projects für ML-Templates mit CodeCommit/CodePipeline-Integration. Lineage Tracking über SageMaker Lineage.;"https://aws.amazon.com/sagemaker/mlops/; https://docs.aws.amazon.com/sagemaker/latest/dg/model-registry.html; https://docs.aws.amazon.com/sagemaker/latest/dg/model-monitor.html; https://aws.amazon.com/sagemaker/experiments/"
MLOps, Modell-Lifecycle & Reproduzierbarkeit;USA;Azure;5;Azure ML bietet Model Registry (MLflow-nativ) mit Versionierung und Staging (Staging/Production/Archived). Managed Endpoints unterstützen A/B-Testing via Traffic-Splitting (Blue/Green, Canary) über Managed Online Endpoints. Data Drift Monitor und Model Performance Monitor mit automatischen Alerts. Azure ML Pipelines (SDK v2) für CI/CD-Workflows, integriert mit Azure DevOps und GitHub Actions. Responsible AI Dashboard für Fairness/Explainability. Environments als versionierte Docker-Spezifikationen für Reproduzierbarkeit. MLflow-native Integration für Experiment-Tracking (Params, Metrics, Artifacts, Models). Azure ML Components für wiederverwendbare Pipeline-Steps.;"https://learn.microsoft.com/en-us/azure/machine-learning/concept-endpoints; https://learn.microsoft.com/en-us/azure/machine-learning/concept-model-management-and-deployment; https://learn.microsoft.com/en-us/azure/machine-learning/how-to-monitor-datasets-in-production"
MLOps, Modell-Lifecycle & Reproduzierbarkeit;USA;Google Cloud;5;Vertex AI bietet Model Registry mit Versionierung und Deployment auf Vertex AI Endpoints. Traffic-Splitting für A/B-Testing und Canary Deployments nativ unterstützt. Vertex AI Model Monitoring für Prediction Drift, Feature Skew und Feature Attribution Drift mit automatischen Alerts. Vertex AI Pipelines (Kubeflow Pipelines v2) für orchestrierte ML-Workflows. Vertex AI Experiments (MLflow-kompatibel) für Experiment-Tracking. Vertex AI Metadata für Lineage Tracking (Datasets → Modelle → Endpoints). Custom Training Jobs mit versionierten Container-Images für Reproduzierbarkeit. Vertex AI TensorBoard für Training-Visualisierung.;"https://cloud.google.com/vertex-ai/docs/model-registry/introduction; https://cloud.google.com/vertex-ai/docs/model-monitoring/overview; https://cloud.google.com/vertex-ai/docs/pipelines/introduction"
MLOps, Modell-Lifecycle & Reproduzierbarkeit;DE;STACKIT;1;STACKIT bietet keinen MLOps-Dienst. Es gibt kein Model Registry, kein Experiment-Tracking, kein Drift-Monitoring und keine ML-Pipelines als Plattform-Feature. STACKIT AI Model Serving ermöglicht LLM-Inferenz, aber ohne A/B-Testing, Canary Deployments oder Modell-Versionierung. MLOps müsste vollständig über Open-Source-Tools (MLflow, Kubeflow) auf SKE selbst aufgebaut werden. Keine Lineage-Tracking- oder Reproduzierbarkeits-Features. Nur über Eigenbau/Partner realisierbar.;"https://docs.stackit.cloud/; https://www.stackit.de/en/product/stackit-ai-model-serving/; https://explore.iteratec.com/blog/eu-sovereign-cloud-teil-2-cloud-services-in-der-praxis-featureumfang-und-portierbarkeit"
MLOps, Modell-Lifecycle & Reproduzierbarkeit;DE;IONOS;1;IONOS bietet keinerlei MLOps-Funktionalität als Plattform-Service. Kein Model Registry, kein Experiment-Tracking, kein Drift-Monitoring, keine ML-Pipelines, kein A/B-Testing für Modelle. GPU-VMs und Managed Kubernetes sind verfügbar, aber MLOps muss komplett selbst aufgesetzt werden (MLflow, Kubeflow, Seldon Core etc.). Keine Plattform-Unterstützung für Reproduzierbarkeit oder Lineage Tracking. Rein IaaS-basierter Eigenbau ohne jeglichen Standardpfad.;"https://cloud.ionos.com/compute/gpu; https://explore.iteratec.com/blog/eu-sovereign-cloud-teil-2-cloud-services-in-der-praxis-featureumfang-und-portierbarkeit; https://cloud.ionos.com/managed/kubernetes"
MLOps, Modell-Lifecycle & Reproduzierbarkeit;DE;Open Telekom Cloud (OTC);3;OTC ModelArts bietet grundlegende MLOps-Funktionalität: Model Management (Versionierung, Import aus OBS/Container-Images), Deployment als Online-Service (Real-Time) oder Batch-Service. ModelArts Workflow ermöglicht Pipeline-Orchestrierung für Training→Evaluation→Deployment. Allerdings fehlen A/B-Testing/Canary Deployments (kein Traffic-Splitting auf Endpoint-Ebene), kein nativer Drift-Monitor (kein automatisches Retraining bei Drift), und Experiment-Tracking ist rudimentär (kein MLflow-natives Interface). Reproduzierbarkeit über Container-Images und OBS-Artefakte grundlegend möglich, aber ohne dediziertes Lineage-Tracking-Feature. Deutlich besser als STACKIT/IONOS, aber unter Hyperscaler-Niveau.;"https://docs.otc.t-systems.com/modelarts/umn/model_management/; https://docs.otc.t-systems.com/modelarts/umn/service_deployment/; https://www.open-telekom-cloud.com/en/products-services/core-services/modelarts"
Feature Store;USA;AWS;5;Amazon SageMaker Feature Store ist ein vollständig verwalteter Feature Store mit Online Store (für Low-Latency-Serving, <10ms) und Offline Store (S3-basiert für Training). Feature Groups mit Schema-Versionierung und Time-Travel. Automatische Synchronisation zwischen Online und Offline Store. Feature-Level-Zugriffssteuerung über Lake Formation. Integration mit SageMaker Pipelines für automatisiertes Feature-Engineering. Data Wrangler für visuelle Feature-Transformation. Streaming-Ingestion über Kinesis/Kafka. Branchenstandard für managed Feature Stores.;"https://aws.amazon.com/sagemaker/feature-store/; https://docs.aws.amazon.com/sagemaker/latest/dg/feature-store.html; https://docs.aws.amazon.com/sagemaker/latest/dg/feature-store-getting-started.html"
Feature Store;USA;Azure;4;Azure ML Managed Feature Store (GA seit 2023) bietet Feature Sets mit Transformationspipelines, Materialisierung in Online Store (Redis-basiert) und Offline Store (Parquet). Feature-Versionierung und Point-in-Time-Korrektheit für Training. Integration mit Azure ML Pipelines für Recurrent Materialization. Allerdings weniger ausgereift als SageMaker Feature Store (später gestartet, kleineres Ökosystem). Kein dedizierter Streaming-Ingestion-Pfad für Features. Alternativ Feast auf AKS als Open-Source-Option. Solides Produkt, aber noch nicht best-in-class.;"https://learn.microsoft.com/en-us/azure/machine-learning/concept-what-is-managed-feature-store; https://learn.microsoft.com/en-us/azure/machine-learning/tutorial-get-started-with-feature-store; https://learn.microsoft.com/en-us/azure/machine-learning/how-to-manage-feature-store"
Feature Store;USA;Google Cloud;5;Vertex AI Feature Store (2. Generation, BigTable/BigQuery-basiert) bietet Online Serving mit Sub-Millisekunden-Latenz (Bigtable) und Offline Storage in BigQuery. Feature Views für flexible Feature-Zusammenstellung. Point-in-Time Joins für korrektes Training. BigQuery als Offline Store ermöglicht SQL-basierte Feature-Exploration und -Transformation. Feature Monitoring für Drift-Erkennung. Streaming-Ingestion über BigQuery Streaming API. Tight Integration mit Vertex AI Pipelines und Training. Besonders stark durch BigQuery-Integration.;"https://cloud.google.com/vertex-ai/docs/featurestore/overview; https://cloud.google.com/vertex-ai/docs/featurestore/latest/overview; https://cloud.google.com/vertex-ai/docs/featurestore/latest/create-feature-view"
Feature Store;DE;STACKIT;0;STACKIT bietet keinen Feature Store und kein äquivalentes Konzept. Es gibt keine ML-Plattform, die Features zentral verwalten, versionieren oder bereitstellen könnte. Ein Feature Store müsste vollständig selbst aufgebaut werden (z.B. Feast auf Kubernetes + PostgreSQL/Redis). Kein Online- oder Offline-Store als Plattform-Feature. Kein Standardpfad oder Referenzarchitektur für Feature Management. Nicht sinnvoll umsetzbar ohne erheblichen Eigenaufwand.;"https://docs.stackit.cloud/; https://www.stackit.de/en/cloud/products-services/"
Feature Store;DE;IONOS;0;IONOS bietet keinen Feature Store und keine ML-Plattform, in die ein Feature Store integriert werden könnte. Ohne Managed-ML-Dienst gibt es keinen sinnvollen Anknüpfungspunkt für Feature Management. Feast oder Hopsworks könnten auf VMs/Kubernetes self-hosted werden, aber ohne jegliche Plattform-Integration. Kein Online-/Offline-Store, keine Feature-Versionierung, kein Point-in-Time-Join als Service. Nicht sinnvoll ohne umfangreichen Eigenbau.;"https://cloud.ionos.com/; https://explore.iteratec.com/blog/eu-sovereign-cloud-teil-2-cloud-services-in-der-praxis-featureumfang-und-portierbarkeit"
Feature Store;DE;Open Telekom Cloud (OTC);1;OTC ModelArts bietet keinen dedizierten Feature Store als Produkt. ModelArts hat Dataset Management für Labeling und Datenversionierung, aber kein Feature-Store-Konzept mit Online/Offline Serving, Feature-Versionierung oder Point-in-Time Joins. Features müssten manuell in OBS/DWS gespeichert und über eigene Pipelines bereitgestellt werden. Feast könnte auf CCE (Kubernetes) self-hosted werden und über DCS (Redis) als Online Store bzw. OBS als Offline Store betrieben werden – grundlegende IaaS-Bausteine vorhanden, aber kein Standardpfad. Nur über Eigenbau mit Partner-Support realisierbar.;"https://docs.otc.t-systems.com/modelarts/; https://www.open-telekom-cloud.com/en/products-services/core-services/modelarts; https://docs.otc.t-systems.com/modelarts/umn/data_management/"
Generative AI & LLM-Integration;USA;Azure;5;Durch die exklusive OpenAI-Partnerschaft und die extrem tiefe Integration in Enterprise-Anwendungen (GPT-4o, Copilot, Microsoft Fabric AI Agents) absoluter Marktführer im B2B-Umfeld.;Avidclan Technologies (https://www.avidclan.com/blog/aws-vs-azure-and-gcp-the-executive-guide-for-2026/)
Generative AI & LLM-Integration;USA;Google Cloud;5;Zieht mit Azure gleich dank 'Gemini Enterprise' und 'Vertex AI Agent Builder'. Bietet überlegene multimodale Fähigkeiten, native AI-Funktionen direkt in BigQuery sowie massive Kontextfenster (bis 2M Token).;Google Cloud BigQuery (https://cloud.google.com/bigquery)
Generative AI & LLM-Integration;USA;AWS;4;Amazon Bedrock positioniert sich stark als 'Schweiz der KI' mit Zugang zu Claude 3.5, Llama 3 und Titan. Technologisch herausragend, aber im Bereich fertiger 'Agentic AI'-Ökosysteme leicht hinter Microsoft und Google.;Avidclan Technologies (https://www.avidclan.com/blog/aws-vs-azure-and-gcp-the-executive-guide-for-2026/)
Generative AI & LLM-Integration;DE;IONOS;3;Der 'IONOS AI Model Hub' hat massiv aufgerüstet und bietet High-End Open-Source Modelle wie Llama 3.1 405B, Llama 3.3 70B, Mistral Small 24B und gpt-oss-120b. Fungiert jedoch als reiner API-Wrapper ohne das tiefe Agenten-Ökosystem der Hyperscaler.;IONOS AI Model Hub (https://cloud.ionos.com/managed/ai-model-hub)
Generative AI & LLM-Integration;DE;STACKIT;3;Das 'STACKIT AI Model Serving' bietet DSGVO-konformen Zugriff auf GPT-4, Claude 3 und brandaktuell das 4-bit quantisierte 'GPT-OSS 20B'. Zero Data Retention garantiert Sicherheit. Technologisch ähnlich wie IONOS ein reiner Endpunkt-Service.;STACKIT Docs (https://docs.stackit.cloud/) / innFactory (https://innfactory.de/en/cloud/stackit/products/ai-model-serving/)
Generative AI & LLM-Integration;DE;Open Telekom Cloud (OTC);2;Bietet grundlegendes LLM-Serving via ModelArts. Ist funktional solide für Basis-Inferenz, kann aber bei der Bereitstellung modernster, westlicher High-End-Modelle nicht mit der Agilität von IONOS oder STACKIT mithalten.;Xomnia (https://xomnia.com/post/navigating-the-european-cloud-landscape-open-telekom-cloud-stackit-and-ovhcloud-in-focus/)
Modell-Erklärbarkeit & Fairness;USA;Google Cloud;5;Vertex AI integriert MLOps, Modellüberwachung, Versionierung und Erklärbarkeit (Explainability) nahtlos 'out of the box'. Entwicklerfreundlichster und tiefster Ansatz im Markt.;TrueFoundry Market Guide 2026 (https://www.truefoundry.com/blog/sagemaker-alternatives)
Modell-Erklärbarkeit & Fairness;USA;AWS;4;Amazon SageMaker (inkl. Clarify) bietet extrem tiefe Analysemöglichkeiten für Bias und Explainability. Abwertung auf 4, da die Architektur hochkomplex ist und tiefe DevOps-Kenntnisse erfordert.;Leanware (https://www.leanware.co/insights/sagemaker-vs-vertex-ai)
Modell-Erklärbarkeit & Fairness;USA;Azure;4;Azure Machine Learning bietet eine umfassende End-to-End-Plattform mit starken Governance-Metriken. Gleichauf mit AWS, aber in der Handhabung etwas stringenter als SageMaker.;innFactory (https://innfactory.de/en/cloud/azure/products/machine-learning/)
Modell-Erklärbarkeit & Fairness;DE;Open Telekom Cloud (OTC);2;ModelArts liefert AutoML und Basis-Workflows (z.B. für Computer Vision), spezifische High-End-Features für AI-Fairness und komplexe Erklärbarkeit fehlen jedoch im direkten PaaS-Vergleich zu den US-Giganten.;T Cloud Public Use Cases (https://public.t-cloud.com/en/solutions/use-cases/artificial-intelligence)
Modell-Erklärbarkeit & Fairness;DE;STACKIT;1;Der Fokus liegt rein auf AI Model Serving (Inferenz). Native, verwaltete MLOps-Suiten zur Überprüfung von Trainingsdaten, Bias oder Modell-Fairness existieren als PaaS-Dienst nicht.;STACKIT Docs (https://docs.stackit.cloud/)
Modell-Erklärbarkeit & Fairness;DE;IONOS;1;IONOS bietet mit dem AI Model Hub nur Inferenz und Embedding-Erstellung (RAG). Komplexe MLOps- oder Explainability-Features müssen komplett selbst via IaaS aufgebaut werden.;IONOS AI Model Hub (https://cloud.ionos.com/managed/ai-model-hub)
Data Governance, Katalogisierung, Metadaten & Lineage;USA;Google Cloud;5;BigQuery bietet 'Built-in Data to AI Governance' basierend auf dem Dataplex Universal Catalog. Automatisches Metadata-Harvesting, semantische Suche (GenAI) und Data Insights sind direkt integriert.;Google Cloud BigQuery (https://cloud.google.com/bigquery)
Data Governance, Katalogisierung, Metadaten & Lineage;USA;Azure;4;Microsoft Purview ist ein mächtiges, unternehmensweites Tool für Data Governance, erfordert jedoch ein starkes Commitment zum proprietären Microsoft-Ökosystem.;InfoWorld Buyer's Guide (https://www.infoworld.com/article/4137452/buyers-guide-comparing-the-leading-cloud-data-platforms.html)
Data Governance, Katalogisierung, Metadaten & Lineage;USA;AWS;4;AWS Glue Data Catalog und Lake Formation bieten starke Governance, wirken aber im Vergleich zu Dataplex etwas fragmentierter und erfordern mehr Konfigurationsaufwand.;CloudOptimo (https://www.cloudoptimo.com/blog/6-key-differences-between-aws-glue-and-azure-data-factory/)
Data Governance, Katalogisierung, Metadaten & Lineage;DE;Open Telekom Cloud (OTC);4;DataArts Studio (DARTS) bietet ein sehr ausgereiftes, visuelles 'Data Governance Center' inkl. Data Lineage. Sehr stark für Compliance-getriebene Enterprise-Architekturen.;CREODIAS OTC Services (https://creodias.eu/cloud/open-telekom-cloud/additional-services/)
Data Governance, Katalogisierung, Metadaten & Lineage;DE;STACKIT;3;Setzt mit 'STACKIT Dremio' auf das souveräne Data Lakehouse (inkl. Apache Iceberg). Bringt semantische Layer mit, ein vollumfänglicher Data Catalog à la Purview muss jedoch zusätzlich orchestriert werden.;STACKIT Dremio (https://stackit.com/en/products/data-ai/stackit-dremio)
Data Governance, Katalogisierung, Metadaten & Lineage;DE;IONOS;2;Nutzt die 'Managed Stackable Data Platform'. Governance erfolgt über den OpenPolicyAgent (OPA). Bietet maximale Open-Source-Freiheit, erfordert aber massiven Eigenbau bei der Katalogisierung (z.B. Hive Metastore).;Stackable Docs (https://docs.stackable.tech/home/stable/concepts/overview/)
Datenqualitätsmanagement;USA;Google Cloud;5;Dataplex Data Quality integriert automatische Anomalieerkennung und Profiling nahtlos in BigQuery. Zählt derzeit zu den intelligentesten, KI-gestützten Quality-Tools am Markt.;Google Cloud BigQuery (https://cloud.google.com/bigquery)
Datenqualitätsmanagement;DE;Open Telekom Cloud (OTC);4;DataArts Studio verfügt über eingebaute, visuelle Module zur kontinuierlichen Validierung und Säuberung (Data Cleansing) von Daten gemäß strengen Enterprise-Standards.;CREODIAS OTC Services (https://creodias.eu/cloud/open-telekom-cloud/additional-services/)
Datenqualitätsmanagement;USA;AWS;3;Bietet mit AWS Glue DataBrew zwar gute visuelle Datenaufbereitung, Automatisierungen erfordern jedoch oft tiefere Code-Eingriffe im Vergleich zu integrierten Lösungen wie Dataplex.;CloudOptimo (https://www.cloudoptimo.com/blog/6-key-differences-between-aws-glue-and-azure-data-factory/)
Datenqualitätsmanagement;USA;Azure;3;Azure Data Factory bietet Data Flows zur Bereinigung. Die Quality-Checks sind solide, aber weniger stark durch native KI automatisiert.;InfoWorld (https://www.infoworld.com/article/4137452/buyers-guide-comparing-the-leading-cloud-data-platforms.html)
Datenqualitätsmanagement;DE;STACKIT;2;Qualitätsprüfungen müssen deklarativ (z.B. über STACKIT Workflows / Argo) oder extern in Dremio geschrieben werden. Kein 'Out-of-the-box' visuelles Data Quality Tool.;STACKIT Docs Workflows (https://docs.stackit.cloud/products/data-and-ai/workflows/)
Datenqualitätsmanagement;DE;IONOS;2;Innerhalb von Stackable wird Datenqualität klassisch über Apache NiFi Pipelines gesichert. Extrem flexibel, aber zu 100% manuell in der Definition.;Stackable Docs (https://docs.stackable.tech/home/stable/concepts/overview/)
Sicherheitsarchitektur & Zugriffskontrolle;DE;IONOS;3;IONOS ist DSGVO-konform, ISO 27001-zertifiziert und betreibt Rechenzentren ausschließlich in der EU. IAM-Grundfunktionen (Benutzer, Gruppen, Rollen) sind vorhanden. JEDOCH fehlen im Vergleich zu OTC und STACKIT (beide Score 4) die BSI-C5-Zertifizierung sowie Confidential Computing. Gegenüber den Hyperscalern (Score 5) fehlen KI-gestützte Sicherheitssuiten (kein Äquivalent zu GuardDuty, Defender for Cloud oder Security Command Center), kein SIEM, kein automatisiertes Threat-Detection. Score 3: solide Basis, aber weder auf dem Zertifizierungsniveau der DE-Konkurrenten noch auf dem Feature-Niveau der Hyperscaler.;https://european.cloud/provider/ionos/
Sicherheitsarchitektur & Zugriffskontrolle;DE;Open Telekom Cloud (OTC);4;OTC erfüllt BSI C5 Type 2, TISAX (Automotive), ISO 27001/27017/27018 und SOC 1/2 – damit eines der umfangreichsten Zertifizierungsportfolios in Deutschland. Anti-DDoS, Web Application Firewall (WAF), Host/Container Security und IAM mit feingranularem RBAC. Für regulierte Branchen (Automotive, Gesundheitswesen, öffentlicher Sektor) oft die erste Wahl unter DE-Anbietern. JEDOCH: keine KI-gestützten Threat-Detection-Suiten auf dem Niveau von AWS GuardDuty oder Azure Defender. Im Vergleich zu STACKIT (ebenfalls Score 4) breiter zertifiziert (TISAX), aber weniger konsequent bei Datensouveränität (Huawei-Technologie). Score 4: sehr stark für regulierte Umgebungen, aber nicht auf Hyperscaler-Funktionstiefe.;https://european.cloud/provider/open-telekom-cloud/
Sicherheitsarchitektur & Zugriffskontrolle;DE;STACKIT;4;BSI C5 Type 2 (höchster deutscher Cloud-Sicherheitsstandard), ISO 27001, Confidential Computing (SGX). Vollständige Isolierung vom US CLOUD Act durch rein deutsche/europäische Betreiberstruktur (Schwarz-Gruppe). Im Vergleich zu OTC (ebenfalls Score 4) stärkere Datensouveränität (kein Huawei-Involvement), aber schmaleres Zertifizierungsportfolio (kein TISAX). Gegenüber Hyperscalern fehlen fortgeschrittene Security-Tools (kein SIEM, kein KI-Threat-Detection). Score 4: herausragend bei Souveränität und Compliance, aber funktional hinter den Hyperscalern.;https://www.stxnext.com/blog/sovereign-cloud-with-stackit
Sicherheitsarchitektur & Zugriffskontrolle;USA;AWS;5;AWS bietet das breiteste Security-Portfolio der Cloud-Industrie: 143+ Compliance-Zertifizierungen (SOC 1/2/3, ISO 27001, FedRAMP, HIPAA, PCI DSS), IAM mit feingranularen Policies, GuardDuty (ML-basierte Threat Detection), Macie (sensible Daten in S3 erkennen), Security Hub (zentrales Security-Dashboard), Inspector (Vulnerability Scanning), AWS WAF, Shield (DDoS), KMS/CloudHSM für Verschlüsselung. Nitro-System für Hardware-basierte Isolation. Im Vergleich zu Azure und GCP (beide ebenfalls Score 5) hat AWS die meisten Zertifizierungen und die längste Track-Record. Score 5: Industriestandard.;"https://aws.amazon.com/security/; https://aws.amazon.com/compliance/programs/"
Sicherheitsarchitektur & Zugriffskontrolle;USA;Azure;5;Azure bietet tiefe Integration mit Entra ID (ehem. Azure AD) für Enterprise-IAM, Microsoft Defender for Cloud (CSPM + CWPP), Sentinel (Cloud-natives SIEM/SOAR), 100+ Compliance-Zertifizierungen. Besonderer Vorteil: nahtlose Integration mit Microsoft 365 und On-Premises Active Directory macht Azure zur bevorzugten Wahl für Enterprises mit Microsoft-Stack. Confidential Computing (AMD SEV-SNP). Im Vergleich zu AWS ähnlich breit, mit Stärke bei hybridem Identity-Management. Score 5.;"https://azure.microsoft.com/en-us/explore/security; https://learn.microsoft.com/en-us/azure/defender-for-cloud/"
Sicherheitsarchitektur & Zugriffskontrolle;USA;Google Cloud;5;Google Cloud bietet standardmäßige Verschlüsselung aller Daten at-rest und in-transit, BeyondCorp (Zero-Trust-Pionier), Security Command Center (CSPM), Cloud Armor (WAF/DDoS), Chronicle (Security Analytics/SIEM basierend auf Googles Infrastruktur). Titan-Sicherheitschips in eigener Hardware. Im Vergleich zu AWS/Azure etwas weniger Compliance-Zertifizierungen, aber technologisch führend bei Zero-Trust-Architektur. Score 5.;"https://cloud.google.com/security; https://cloud.google.com/beyondcorp"
Resilienz & Disaster Recovery;DE;IONOS;3;IONOS bietet Block-Storage mit vierfacher Redundanz und dezentrale europäische Rechenzentren (Frankfurt, Berlin, Karlsruhe). Snapshots und Backups sind verfügbar. JEDOCH: im Vergleich zu OTC (Score 4, Twin-Core-Regionen mit synchroner Spiegelung) fehlen automatisierte DR-Workflows und geografisch getrennte Region-Pairs. Gegenüber Hyperscalern (Score 5) fehlt die globale Reichweite und automatisierte Cross-Region-Replikation. Score 3: solide lokale Redundanz, aber eingeschränkte DR-Automatisierung.;"https://cloud.ionos.com/; https://docs.ionos.com/cloud/"
Resilienz & Disaster Recovery;DE;Open Telekom Cloud (OTC);4;OTC nutzt Twin-Core-Regionen (z.B. Magdeburg/Biere) mit physischer Trennung und synchroner Multi-Copy-Spiegelung. Storage Disaster Recovery Service (SDRS) bietet automatisiertes Failover. Cross-AZ-Redundanz innerhalb Regionen. Im Vergleich zu IONOS und STACKIT (beide Score 3) das reifste DR-Konzept unter den DE-Anbietern. Gegenüber Hyperscalern (Score 5) fehlt die globale Multi-Region-Skalierung. Score 4.;https://www.open-telekom-cloud.com/en/products-services
Resilienz & Disaster Recovery;DE;STACKIT;3;Georedundante Rechenzentren in Deutschland (Neckarsulm/Heilbronn) und Österreich (Ostermiething). SLA von 99,98% Verfügbarkeit. JEDOCH: nur 2 Standorte begrenzen die DR-Optionen. Keine automatisierten Cross-Region-Failover-Dienste. Im Vergleich zu OTC (Score 4) weniger ausgereift bei DR-Automatisierung, auf vergleichbarem Niveau mit IONOS (Score 3). Score 3.;"https://docs.stackit.cloud/; https://www.stackit.de/en/"
Resilienz & Disaster Recovery;USA;AWS;5;Größte globale Reichweite: 33+ Regionen, 105+ Availability Zones. S3 bietet 99,999999999% (11 Nines) Durability. Automatisierte Cross-Region-Replikation (S3 CRR, Aurora Global Database, DynamoDB Global Tables). AWS Backup für zentrales Backup-Management. Elastic Disaster Recovery (DRS) für automatisiertes Server-Recovery. Im Vergleich zu Azure und GCP (beide Score 5) hat AWS die meisten Regionen/AZs und den längsten Track-Record. Score 5.;"https://aws.amazon.com/about-aws/global-infrastructure/; https://aws.amazon.com/s3/storage-classes/"
Resilienz & Disaster Recovery;USA;Azure;5;60+ globale Regionen mit Availability Zones. Architektonischer Vorteil durch Region Pairs (geografisch getrennte Paare für garantiertes sequenzielles Failover). Azure Site Recovery für automatisiertes DR. Geo-redundant Storage (GRS/GZRS). Im Vergleich zu AWS hat Azure weniger Regionen, aber das Region-Pair-Konzept ist einzigartig und bietet strukturelle DR-Vorteile. Score 5.;"https://azure.microsoft.com/en-us/explore/global-infrastructure/; https://learn.microsoft.com/en-us/azure/site-recovery/"
Resilienz & Disaster Recovery;USA;Google Cloud;5;Eigenes globales Subsea-Glasfasernetzwerk (u.a. Dunant, Grace Hopper) für unübertroffene Inter-Region-Latenz. Live Migration von VMs bei Hardware-Wartung ohne Downtime. 40+ Regionen. Spanner bietet 99,999% SLA (Five Nines) – einzigartig in der Branche. Im Vergleich zu AWS/Azure weniger Regionen, aber technologisch führend bei Live Migration und Spanner-SLA. Score 5.;"https://cloud.google.com/about/locations; https://cloud.google.com/spanner"
Edge-Computing & lokale Verarbeitung;DE;IONOS;1;IONOS hat keinen Edge-Computing-Dienst. Reiner IaaS/PaaS-Fokus auf Standard-Rechenzentren. Kein Edge-Hardware-Ökosystem, keine Local Zones, keine Edge-spezifischen Angebote. Im Vergleich zu OTC (Score 2, Cumulocity-Partner) und STACKIT (Score 2, K8s-Edge-Möglichkeiten) hat IONOS gar keinen Edge-Ansatz. Score 1.;https://cloud.ionos.com/
Edge-Computing & lokale Verarbeitung;DE;Open Telekom Cloud (OTC);2;OTC selbst bietet kein natives Edge-Hardware-Produkt. Über das Telekom-Partnerökosystem (Cumulocity IoT Edge, T-Systems Edge-Dienste) sind Edge-Ansätze verfügbar, aber nicht als natives OTC-Cloud-Feature. Im Vergleich zu AWS (Score 5, Outposts/Wavelength/Greengrass) und Azure (Score 5, Arc/Stack) sehr eingeschränkt. Leicht besser als IONOS (Score 1) durch Partner-Ökosystem. Score 2.;https://www.open-telekom-cloud.com/en/products-services
Edge-Computing & lokale Verarbeitung;DE;STACKIT;2;Hauptfokus auf Cloud-Rechenzentren. STACKIT bietet Kubernetes-Möglichkeiten (Gardener-basiert), die theoretisch an der Edge deploybar sind, aber kein dediziertes Edge-Produkt. Für Schwarz-Gruppe-interne Logistik-/Retail-Szenarien existieren möglicherweise Edge-Ansätze, diese sind aber nicht als allgemeines Cloud-Produkt verfügbar. Auf vergleichbarem Niveau mit OTC (Score 2). Score 2.;https://docs.stackit.cloud/
Edge-Computing & lokale Verarbeitung;USA;AWS;5;AWS hat das umfangreichste Edge-Portfolio: Outposts (vollständige AWS-Infrastruktur on-premises), Local Zones (niedrige Latenz in Metropolen), Wavelength (5G-Edge über Telco-Partner), IoT Greengrass (ML-Inferenz auf Edge-Devices), Snow Family (Snowcone/Snowball für disconnected Edge). Im Vergleich zu Azure (Score 5, Arc/Stack) und GCP (Score 4) die breiteste Palette, besonders bei industriellen/IoT-Szenarien. Score 5.;"https://aws.amazon.com/outposts/; https://aws.amazon.com/wavelength/; https://aws.amazon.com/greengrass/"
Edge-Computing & lokale Verarbeitung;USA;Azure;5;Azure Stack (HCI, Hub, Edge) ermöglicht vollständige Azure-Dienste on-premises. Azure Arc erweitert Azure-Management auf beliebige Infrastruktur (on-prem, Multi-Cloud, Edge). Azure IoT Edge für Container-basierte Workloads auf Edge-Devices. Azure Percept (eingestellt 2023) war für Edge-AI. Im Vergleich zu AWS (Score 5) stärkeres Hybrid-Edge-Konzept durch Arc, weniger IoT-Edge-Hardware-Optionen. Score 5.;"https://azure.microsoft.com/en-us/products/azure-stack/; https://azure.microsoft.com/en-us/products/azure-arc/"
Edge-Computing & lokale Verarbeitung;USA;Google Cloud;4;Google Distributed Cloud (GDC) Edge ermöglicht GCP-Dienste an der Edge, Anthos für Multi-Cluster-K8s-Management. JEDOCH: GCP fokussiert stärker auf Container/K8s als auf industrielle OT-Hardware. Kein Äquivalent zu AWS Wavelength (5G-Edge) oder Snow Family. Weniger Edge-Hardware-Optionen als AWS/Azure. Score 4 statt 5: solides Angebot, aber schmaleres Edge-Portfolio.;"https://cloud.google.com/distributed-cloud; https://cloud.google.com/anthos"
Multi-Cloud, Hybrid & Portabilität;DE;IONOS;4;IONOS setzt mit Managed Stackable auf eine reine Open-Source-Datenplattform ohne proprietären Lock-in. Transparente, faire Egress-Kosten senken die Wechselbarrieren. Kubernetes basiert auf offenen Standards. JEDOCH: Score 5 impliziert aktive Exzellenz in Multi-Cloud-Management, nicht nur Abwesenheit von Lock-in. IONOS bietet kein Multi-Cloud-Management-Tool (kein Äquivalent zu Anthos, Azure Arc oder Terraform Cloud). Es gibt keine Cross-Cloud-Orchestrierung, kein Hybrid-Gateway und keine automatisierte Workload-Migration. Die Portabilität ist hoch (Open Source), aber aktives Multi-Cloud-Management fehlt. Im Vergleich zu Google Cloud (Score 4, Anthos + K8s-Erfinder) bietet IONOS weniger aktive Tooling-Unterstützung. Score 4 statt 5.;"https://docs.stackable.tech/home/stable/kubernetes/ionos-managed-stackable/; https://cloud.ionos.com/prices"
Multi-Cloud, Hybrid & Portabilität;DE;Open Telekom Cloud (OTC);4;OTC basiert auf offenen OpenStack-Standards (Huawei FusionSphere), was grundsätzlich hohe Interoperabilität bietet. OpenStack-APIs sind standardisiert und ermöglichen theoretische Portabilität. JEDOCH: die Huawei-spezifischen Erweiterungen (ModelArts, DLI, GaussDB) sind proprietär und nicht auf andere Clouds portierbar. Kein aktives Multi-Cloud-Management-Tool. Im Vergleich zu IONOS/STACKIT (beide Score 4) ähnliches Niveau: hohe theoretische Portabilität, wenig aktives Multi-Cloud-Tooling. Score 4.;"https://www.open-telekom-cloud.com/en/products-services; https://european.cloud/provider/open-telekom-cloud/"
Multi-Cloud, Hybrid & Portabilität;DE;STACKIT;4;STACKIT basiert zu 100% auf Open Source (OpenStack, Gardener-basiertes Kubernetes) und bietet maximale Portabilität ohne Vendor-Lock-in. Keine Strafgebühren bei Egress. JEDOCH: wie bei IONOS fehlt aktives Multi-Cloud-Tooling. Kein Äquivalent zu Anthos oder Azure Arc für Cross-Cloud-Orchestrierung. Die hohe Portabilität ist eine passive Eigenschaft der Architektur, kein aktiv bereitgestelltes Feature. Im Vergleich zu Google Cloud (Score 4, mit Anthos als aktivem Multi-Cloud-Tool) ist STACKIT bei Portabilität gleichwertig, aber bei aktivem Hybrid-Management schwächer. Score 4 statt 5.;"https://www.stxnext.com/blog/sovereign-cloud-with-stackit; https://docs.stackit.cloud/"
Multi-Cloud, Hybrid & Portabilität;USA;AWS;3;AWS hat durch proprietäre Services (Lambda, DynamoDB, Kinesis) und hohe Egress-Kosten ein signifikantes Lock-in-Risiko. JEDOCH: AWS bietet mit EKS Anywhere, AWS Outposts und der breitesten IaC-Unterstützung (CloudFormation, CDK, Terraform) durchaus Hybrid-Fähigkeiten. EKS Anywhere ermöglicht Kubernetes-Workloads on-premises. Die AWS-APIs sind ein de-facto-Standard, den viele Tools (z.B. MinIO als S3-kompatibel) nachbilden. Score 2 war zu hart – AWS hat zwar Lock-in-Tendenz, bietet aber mehr Hybrid-Tooling als die deutschen Anbieter. Score 3: schwächer als Azure (Arc) und Google (Anthos), aber nicht so schlecht wie Score 2 suggeriert.;"https://aws.amazon.com/eks/eks-anywhere/; https://aws.amazon.com/outposts/"
Multi-Cloud, Hybrid & Portabilität;USA;Azure;3;Azure Arc ist das stärkste Hybrid/Multi-Cloud-Management-Tool im Microsoft-Ökosystem und ermöglicht Azure-Management auf beliebiger Infrastruktur (AWS, GCP, on-prem). JEDOCH: die tiefe Integration in das Microsoft-Ökosystem (Entra ID, Office 365, Dynamics) erzeugt erhebliches Lock-in. Hohe Egress-Kosten. Im Vergleich zu GCP (Score 4, Anthos + Open-Source-Fokus) stärker bei Hybrid-Management aber höheres Lock-in. Besser als AWS (Score 3) bei Hybrid-Tooling (Arc > EKS Anywhere), aber ähnliches Lock-in-Niveau. Score 3.;https://azure.microsoft.com/en-us/products/azure-arc/
Multi-Cloud, Hybrid & Portabilität;USA;Google Cloud;4;Google als Kubernetes-Erfinder bietet mit Anthos das reifste Multi-Cloud-K8s-Management (GKE auf AWS, Azure, on-prem). Starker Open-Source-Fokus (Kubernetes, TensorFlow, Apache Beam). BigQuery Omni ermöglicht Analysen über AWS/Azure-Daten. Niedrigere Egress-Kosten als AWS/Azure. JEDOCH: auch GCP hat proprietäre Dienste (BigQuery, Spanner) die Lock-in erzeugen. Im Vergleich zu AWS (Score 3) und Azure (Score 3) das beste Gleichgewicht aus aktivem Multi-Cloud-Tooling und Open-Source-Commitment. Score 4.;"https://cloud.google.com/anthos; https://cloud.google.com/bigquery/docs/bigquery-omni-introduction"
Infrastructure as Code & DataOps;DE;IONOS;3;IONOS bietet einen offiziellen Terraform-Provider (gut bewertet in unabhängigen Tests) und eine REST-API für Infrastruktur-Provisionierung. Der Data Center Designer (DCD) ermöglicht visuelles IaC. JEDOCH: im Vergleich zu OTC und STACKIT (beide Score 4) sind CLI-Funktionalitäten eingeschränkter, und es fehlen native CI/CD-Dienste. Kein Äquivalent zu CloudFormation oder ARM Templates. Score 3.;"https://registry.terraform.io/providers/ionos-cloud/ionoscloud/latest/docs; https://www.wolk.work/blog/posts/european-cloud-providers-compared-a-hands-on-terraform-test-january-2026-"
Infrastructure as Code & DataOps;DE;Open Telekom Cloud (OTC);4;OTC bietet einen offiziellen Terraform-Provider mit breiter Ressourcen-Abdeckung und den eigenen Resource Formation Service (RFS) als CloudFormation-Äquivalent. OpenStack CLI und APIs sind nutzbar. Im Vergleich zu IONOS (Score 3) reiferes IaC-Ökosystem durch RFS. Gegenüber Hyperscalern (Score 5) fehlen native CI/CD-Dienste und die Tooling-Breite. Score 4.;"https://registry.terraform.io/providers/opentelekomcloud/opentelekomcloud/latest/docs; https://www.open-telekom-cloud.com/en/products-services"
Infrastructure as Code & DataOps;DE;STACKIT;4;Unabhängige Evaluierungen (Wolk.work, Jan 2026) bestätigen starken Terraform-Support mit zuverlässiger Cluster-Provisionierung. STACKIT CLI ist verfügbar. Gardener-basiertes Kubernetes ermöglicht GitOps-Workflows (ArgoCD, Flux). Im Vergleich zu OTC (ebenfalls Score 4) ähnliches Niveau. Gegenüber Hyperscalern (Score 5) fehlen native CI/CD-Pipelines und ein IaC-Template-System. Score 4.;"https://www.wolk.work/blog/posts/european-cloud-providers-compared-a-hands-on-terraform-test-january-2026-; https://docs.stackit.cloud/"
Infrastructure as Code & DataOps;USA;AWS;5;AWS bietet CloudFormation (proprietäres IaC mit vollständiger AWS-Abdeckung), CDK (Infrastructure-as-Code in TypeScript/Python/Java), exzellenten Terraform-Support, CodePipeline/CodeBuild/CodeDeploy für CI/CD, und Step Functions für Workflow-Orchestrierung. DataOps wird durch Glue Workflows, MWAA (Managed Airflow) und EventBridge Scheduler unterstützt. Im Vergleich zu Azure und GCP (beide Score 5) das breiteste IaC-Ökosystem. Score 5.;"https://aws.amazon.com/cloudformation/; https://aws.amazon.com/cdk/; https://aws.amazon.com/codepipeline/"
Infrastructure as Code & DataOps;USA;Azure;5;Azure bietet ARM Templates, Bicep (deklaratives IaC mit sauberer Syntax), native GitHub Actions-Integration (Microsoft-owned), Azure DevOps (Pipelines, Repos, Boards), und exzellenten Terraform-Support. Azure Data Factory Pipelines für DataOps. Besonderer Vorteil: tiefe GitHub-Integration macht CI/CD besonders entwicklerfreundlich. Im Vergleich zu AWS (Score 5) etwas weniger IaC-Optionen, aber GitHub-Vorteil kompensiert. Score 5.;"https://learn.microsoft.com/en-us/azure/azure-resource-manager/; https://azure.microsoft.com/en-us/products/devops/"
Infrastructure as Code & DataOps;USA;Google Cloud;5;GCP bietet Deployment Manager (proprietäres IaC), Config Connector (K8s-natives IaC), erstklassigen Terraform-Support, Cloud Build (CI/CD), und Cloud Composer (Managed Airflow) für DataOps. Workflows für serverlose Orchestrierung. Im Vergleich zu AWS und Azure (beide Score 5) etwas weniger breites CI/CD-Ökosystem, aber Cloud Composer und Config Connector sind starke Differenzierungsmerkmale. Score 5.;"https://cloud.google.com/deployment-manager; https://cloud.google.com/build; https://cloud.google.com/composer"
Monitoring, Observability & AIOps;DE;IONOS;2;IONOS bietet Monitoring-as-a-Service mit grundlegenden Metriken und Alerts. JEDOCH: kein Log-Management, keine Tracing-Lösung, keine AIOps-Engine für prädiktive Fehlererkennung. Im Vergleich zu OTC und STACKIT (beide Score 3) schwächer, da kein APM und keine Open-Source-Observability-Stack-Integration (kein Managed Grafana/Prometheus). Gegenüber Hyperscalern (Score 5) fehlt praktisch die gesamte Observability-Tiefe. Score 2.;https://docs.ionos.com/cloud/
Monitoring, Observability & AIOps;DE;Open Telekom Cloud (OTC);3;OTC bietet Cloud Eye (Infrastruktur-Monitoring mit Metriken und Alarms), Application Performance Management (APM), Cloud Trace Service (CTS) für Audit-Logging, und Log Tank Service (LTS) für zentralisiertes Log-Management. Funktional deutlich breiter als IONOS (Score 2). JEDOCH: keine KI-gestützte AIOps (kein Äquivalent zu AWS DevOps Guru oder Azure AI-basierter Anomalie-Erkennung). Score 3.;https://www.open-telekom-cloud.com/en/products-services
Monitoring, Observability & AIOps;DE;STACKIT;3;STACKIT bietet Observability (Managed Grafana + Prometheus), LogMe (zentrales Log-Management), und Alerting. Open-Source-basiert und damit erweiterbar. Im Vergleich zu OTC (Score 3) ähnlich breit, mit Stärke bei Open-Source-Integration (Grafana-Stack). Gegenüber IONOS (Score 2) klar besser durch Managed Grafana/Prometheus. Gegenüber Hyperscalern (Score 5) fehlen AIOps und tiefere APM-Integration. Score 3.;https://docs.stackit.cloud/
Monitoring, Observability & AIOps;USA;AWS;5;AWS CloudWatch bietet Metriken, Logs, Alarms und Dashboards als zentrale Observability-Plattform. X-Ray für Distributed Tracing. DevOps Guru (ML-basierte AIOps) erkennt anomale Operational Patterns und gibt proaktive Empfehlungen. CloudTrail für Audit-Logging. Managed Grafana und Managed Prometheus für Open-Source-Integration. Im Vergleich zu Azure und GCP (beide Score 5) das breiteste Monitoring-Ökosystem. Score 5.;"https://aws.amazon.com/cloudwatch/; https://aws.amazon.com/devops-guru/"
Monitoring, Observability & AIOps;USA;Azure;5;Azure Monitor bietet Metriken, Logs, Alerts und Workbooks. Application Insights für APM und Distributed Tracing. Log Analytics (Kusto/KQL) für leistungsfähige Log-Abfragen. Azure Monitor AIOps mit Smart Detection und ML-basierter Anomalie-Erkennung. Integration mit Grafana (Managed Grafana). Im Vergleich zu AWS (Score 5) stärkeres APM durch Application Insights, gleichwertiges AIOps. Score 5.;"https://azure.microsoft.com/en-us/products/monitor/; https://learn.microsoft.com/en-us/azure/azure-monitor/app/app-insights-overview"
Monitoring, Observability & AIOps;USA;Google Cloud;5;Cloud Monitoring, Cloud Logging und Cloud Trace bilden die Observability-Suite. Active Assist bietet KI-gestützte Empfehlungen für Kosten, Performance und Sicherheit. Error Reporting für automatische Error-Gruppierung. Cloud Profiler für kontinuierliches CPU/Memory-Profiling. Im Vergleich zu AWS und Azure (beide Score 5) etwas weniger AIOps-Tiefe, aber sauberere Integration und entwicklerfreundlichere UX. Score 5.;"https://cloud.google.com/monitoring; https://cloud.google.com/active-assist"
API-First & Entwicklerfreundlichkeit;DE;IONOS;4;IONOS' Data Center Designer (DCD) ist ein innovatives visuelles Tool für API-basiertes Infrastruktur-Design. REST-API-Abdeckung für alle Core-Services. SDKs für Go, Python, Java, Ruby. In unabhängigen Tests (Wolk.work, Jan 2026) positiv bewertet. Im Vergleich zu AWS/Azure (beide Score 4) überraschend stark in der Developer Experience für IaaS-Provisionierung. Gegenüber GCP (Score 5) fehlt die Tiefe des Managed-Service-Ökosystems. Score 4.;"https://www.wolk.work/blog/posts/european-cloud-providers-compared-a-hands-on-terraform-test-january-2026-; https://cloud.ionos.com/"
API-First & Entwicklerfreundlichkeit;DE;Open Telekom Cloud (OTC);3;OTC bietet robuste OpenStack-APIs und ein funktionales Dashboard. OpenStack-SDKs (Python, Go) sind verfügbar. JEDOCH: die Huawei-spezifischen Dienste (ModelArts, DLI, GaussDB) haben separate API-Muster, die nicht immer konsistent sind. Das Dashboard kann für Cloud-Einsteiger komplex wirken. Im Vergleich zu IONOS (Score 4) weniger intuitive UX, im Vergleich zu STACKIT (Score 2) bessere API-Abdeckung. Score 3.;"https://www.open-telekom-cloud.com/en/products-services; https://xomnia.com/post/navigating-the-european-cloud-landscape-open-telekom-cloud-stackit-and-ovhcloud-in-focus/"
API-First & Entwicklerfreundlichkeit;DE;STACKIT;2;In einem unabhängigen Hands-on-Test (Wolk.work, Jan 2026) litt die Developer Experience massiv unter blockierten und fehlschlagenden Account-Onboardings. APIs sind vorhanden, aber die Dokumentation und das Onboarding-Erlebnis hinken deutlich hinter den Konkurrenten her. STACKIT CLI ist verfügbar, aber das Ökosystem ist noch jung. Im Vergleich zu IONOS (Score 4, DCD sehr positiv bewertet) und OTC (Score 3) die schwächste Developer Experience unter den DE-Anbietern. Score 2.;"https://www.wolk.work/blog/posts/european-cloud-providers-compared-a-hands-on-terraform-test-january-2026-; https://docs.stackit.cloud/"
API-First & Entwicklerfreundlichkeit;USA;AWS;4;AWS ist die API-first-Cloud schlechthin – Jeff Bezos' internes API-Mandat (2002) machte jeden Service API-zugänglich. AWS bietet SDKs für 11+ Sprachen, umfangreiche CLI, CloudShell, und die vollständigste API-Abdeckung aller Cloud-Anbieter. Die Dokumentation ist extrem umfassend. JEDOCH: Die schiere Masse an 200+ Services und die historisch gewachsene Konsole machen die Lernkurve steil und die UX teils unübersichtlich (im Vergleich zu GCPs saubereren Abstraktionen). API-Qualität ist exzellent, Developer Experience leidet unter Komplexität. Score 4 statt 3: die API-Breite und -Qualität ist Industrie-führend, auch wenn die UX nicht an GCP heranreicht.;"https://aws.amazon.com/developer/tools/; https://docs.aws.amazon.com/"
API-First & Entwicklerfreundlichkeit;USA;Azure;4;Azure bietet umfangreiche REST-APIs, SDKs für alle gängigen Sprachen, Azure CLI, PowerShell-Integration und Cloud Shell. Die Integration mit GitHub (Eigentümer: Microsoft), VS Code und GitHub Copilot macht die Entwicklertools erstklassig. Azure Resource Manager (ARM) APIs sind konsistent strukturiert. JEDOCH: Das Portal wird oft als komplex und unübersichtlich kritisiert ('Maze of Blades'), und die IAM-Konfiguration (Entra ID) hat eine steile Lernkurve. Score 4 statt 3: die API-Qualität und das Entwickler-Tooling (VS Code, GitHub) sind stärker als Score 3 suggeriert, auch wenn die Portal-UX hinter GCP zurückbleibt.;"https://learn.microsoft.com/en-us/rest/api/azure/; https://azure.microsoft.com/en-us/products/devops/"
API-First & Entwicklerfreundlichkeit;USA;Google Cloud;5;GCP gilt branchenweit als die Cloud mit den saubersten API-Abstraktionen und der intuitivsten Konsole. Konsistente REST-APIs, Client Libraries in 7+ Sprachen, Cloud Shell mit vorinstalliertem Tooling, und exzellente Dokumentation. gcloud CLI ist intuitiver als AWS CLI und Azure CLI. BigQuery, GKE und Pub/Sub sind Beispiele für besonders entwicklerfreundliche API-Designs. Im Vergleich zu AWS (Score 4, breitere API-Abdeckung aber steilere Lernkurve) und Azure (Score 4, GitHub-Integration aber komplexes Portal) die beste Developer Experience. Score 5.;"https://cloud.google.com/apis; https://cloud.google.com/sdk/gcloud"
Cross-Organization Data Sharing;DE;IONOS;4;IONOS ist Gaia-X-Gründungsmitglied und bietet über die Stackable Data Platform Open-Source-basierte Konzepte für unabhängige Datenspaces. Managed Stackable ermöglicht Datenintegration in offenen Formaten. JEDOCH: kein dediziertes Data-Sharing-Produkt wie BigQuery Analytics Hub oder AWS Clean Rooms. Data Sharing ist möglich über Standard-Mechanismen (S3-kompatibler OBS, APIs), aber nicht als Plattform-Feature. Score 4: starke philosophische Ausrichtung (Gaia-X, Open Source), aber eingeschränkte technische Umsetzung.;"https://cloud.ionos.com/solutions/big-data; https://docs.stackable.tech/"
Cross-Organization Data Sharing;DE;Open Telekom Cloud (OTC);3;Die Deutsche Telekom bietet den Data Intelligence Hub als separates Produkt für souveränes B2B-Data-Sharing (Catena-X, IDSA-zertifiziert). JEDOCH: Der Data Intelligence Hub ist kein natives OTC-Produkt, sondern ein separates Telekom-Angebot. OTC selbst hat kein eingebautes Data-Sharing-Feature vergleichbar mit BigQuery Analytics Hub (GCP, Score 5), AWS Clean Rooms (AWS, Score 4) oder Azure Data Share (Azure, Score 4). Die Catena-X-Anbindung ist stark für Automotive, aber nicht universell. Ohne den separat zu lizenzierenden Data Intelligence Hub bietet OTC nur Standard-Mechanismen (OBS-Bucket-Sharing, VPC-Peering). Score 3 statt 5: der Data Intelligence Hub ist ein Telekom-Produkt, kein OTC-Cloud-Feature.;"https://dih.telekom.net/; https://www.open-telekom-cloud.com/en/products-services"
Cross-Organization Data Sharing;DE;STACKIT;4;STACKIT bietet über die Partnerschaft mit Dremio Daten-Föderation in offenen Formaten (Apache Iceberg). Organisationsübergreifende Abfragen sind konzeptionell möglich. JEDOCH: kein dediziertes Data-Sharing-Produkt. Dremio ist eine Partner-Lösung, kein natives STACKIT-Feature. Im Vergleich zu GCP (Score 5, Analytics Hub) und AWS/Azure (Score 4, Clean Rooms/Data Share) weniger ausgereift, aber durch Open-Format-Strategie zukunftsfähig. Score 4.;"https://stackit.com/en/products/data-ai; https://www.dremio.com/"
Cross-Organization Data Sharing;USA;AWS;4;AWS Clean Rooms ermöglicht datenschutzkonformes Multi-Party-Data-Sharing ohne Datenkopien. AWS Data Exchange ist ein Marktplatz für Drittanbieter-Daten. Lake Formation ermöglicht feingranulare Zugriffssteuerung für S3-Daten. JEDOCH: das Ökosystem bleibt überwiegend AWS-zentriert – Cross-Cloud-Sharing ist eingeschränkt. Im Vergleich zu GCP (Score 5, Analytics Hub mit Zero-Copy-Sharing) weniger offener Ansatz. Score 4.;"https://aws.amazon.com/clean-rooms/; https://aws.amazon.com/data-exchange/"
Cross-Organization Data Sharing;USA;Azure;4;Azure Data Share ermöglicht Snapshot-basiertes und In-Place-Data-Sharing. Microsoft Purview bietet umfassende Data-Governance für geteilte Daten. JEDOCH: Data Share erfordert den Microsoft-Stack auf beiden Seiten. In-Place-Sharing ist auf Azure-Dienste beschränkt. Im Vergleich zu GCP (Score 5, Analytics Hub mit breiterer Abonnenten-Basis) stärker bei Governance, schwächer bei Flexibilität. Score 4.;"https://azure.microsoft.com/en-us/products/data-share/; https://azure.microsoft.com/en-us/products/purview/"
Cross-Organization Data Sharing;USA;Google Cloud;5;BigQuery Analytics Hub ermöglicht Zero-Copy-Data-Sharing über Organisationsgrenzen hinweg als Pub/Sub-Modell (Publisher/Subscriber). Kein Datentransfer nötig – Abonnenten greifen direkt auf geteilte Datasets zu. Unterstützt öffentliche und private Listings. Dataplex für organisationsübergreifende Data-Governance. Im Vergleich zu AWS (Score 4, Clean Rooms) und Azure (Score 4, Data Share) der offenste und nahtloseste Ansatz für Cross-Org-Sharing. Score 5.;"https://cloud.google.com/bigquery/docs/analytics-hub-introduction; https://cloud.google.com/dataplex"
